min_knee_angle,knee_rom,start_knee_angle,end_knee_angle,min_hip_angle,hip_rom,hip_knee_ratio,trunk_lean_max,trunk_lean_bottom,knee_travel_max,duration_s,descent_s,ascent_s,descent_ascent_ratio,peak_descent_speed,peak_ascent_speed,jerk_rms,bottom_pause_s,asymmetry_bottom,tracked_fraction,visibility,min_knee_angle_rel,knee_rom_rel,start_knee_angle_rel,end_knee_angle_rel,min_hip_angle_rel,hip_rom_rel,hip_knee_ratio_rel,trunk_lean_max_rel,trunk_lean_bottom_rel,knee_travel_max_rel,duration_s_rel,descent_s_rel,ascent_s_rel,descent_ascent_ratio_rel,peak_descent_speed_rel,peak_ascent_speed_rel,jerk_rms_rel,bottom_pause_s_rel,asymmetry_bottom_rel,video,camera,view,subject,gt_rep,iou,incorrect
73.36077032047939,106.36524576955011,178.65915313324348,179.7260160900295,88.38623998072228,75.43676202947432,0.7092237834237215,10.174860487768647,6.718295043681081,0.28381009586961714,5.133333333333334,2.433333333333333,2.7,0.9024390243902439,165.0611233401608,220.79351945356834,6320.544299877373,0.16666666666666666,13.63896894248532,1.0,0.9978489875793457,-39.597795593790096,40.66465855057612,1.4718119303385606,2.5386748871245857,-31.845532305828897,30.631061768634964,-0.0327454877094181,1.058894066583541,0.943460710120922,0.030965313315391485,1.2000000000000006,-0.13333333333333375,1.3333333333333335,-0.2682926829268292,48.266298368380376,105.7180132184699,-864.7793158770655,-0.2666666666666667,-26.532712416215332,PM_008,c17,front,1,16,0.6168831168831169,0
143.61188754787673,35.58090242988612,165.62854789965058,179.19278997776286,141.16047813778812,26.750121938201744,0.7518112276919942,11.656060111471053,6.8629841701292795,0.2981722559376708,1.0666666666666667,0.36666666666666664,0.7,0.5454545454545454,112.76793244597144,130.2007145076604,27543.58981189015,0.3,19.19397299630299,1.0,0.9978489875793457,30.65332163360725,-30.11968478908787,-11.558793303254333,2.005448774857939,20.92870585123694,-18.055578322637615,0.009841956558854559,2.5400936902859463,1.0881498365691202,0.04532747338344517,-2.8666666666666663,-2.2,-0.6666666666666667,-0.6252771618625277,-4.026892525808989,15.125208272561963,20358.26619613571,-0.13333333333333336,-20.977708362397664,PM_008,c17,front,1,17,0.35555555555555557,1
107.67008694735426,69.66983831496455,177.33992526231881,123.46438717532449,134.09920452167444,44.318330839082705,0.6361193295544575,7.664110072247382,1.1392238540050772,0.24517668512734467,3.033333333333333,2.433333333333333,0.6,3.8947368421052633,139.52102958381914,83.89095058688824,17094.88233798908,0.5,12.991771846622584,1.0,0.9978489875793457,-5.288478966915221,3.9692510959905576,0.15258405941389697,-53.72295402758043,13.86743223512326,-0.48736942175665376,-0.1058499415786821,-1.4518563489377243,-4.635610479555082,-0.007668097426880988,-0.8999999999999999,-0.13333333333333375,-0.7666666666666667,2.7240051347881904,22.726204612038714,-31.184555648210193,9909.55872223464,0.06666666666666665,-27.17990951207807,PM_008,c17,half_profile,1,18,0.425531914893617,0
104.63895142129991,75.28075458477059,179.9197060060705,115.26569759484478,126.07851178718317,51.63623321004752,0.6859154573417839,8.217133815154357,4.947775213233314,0.2728571382177853,3.066666666666667,2.8,0.26666666666666666,9.444444444444445,163.36130711939376,74.41226017939599,14275.439304502132,0.2,8.417348952520456,1.0,0.9978489875793457,-8.319614492969578,9.580167365796598,2.7323648031655807,-61.92164360806014,5.8467395006319975,6.830532949208163,-0.056053813791355656,-0.8988326060307497,-0.8270591203268456,0.020012355663559633,-0.8666666666666663,0.23333333333333295,-1.1,8.273712737127372,46.56648214761333,-40.663246055702444,7090.115688747693,-0.23333333333333334,-31.754332406180197,PM_008,c17,half_profile,1,19,0.3136094674556213,0
104.5114933690982,75.32214890517186,118.0342066380883,179.83364227427006,123.68064163670377,55.49316396341689,0.7367443012450559,10.662973853932817,8.01904062172034,0.25622688588641906,2.966666666666667,0.5666666666666667,2.4,0.2465753424657534,88.48559788295191,170.48122851879526,17550.161033043154,0.23333333333333334,3.923470071899942,1.0,0.9978489875793457,-8.447072545171281,9.621561686197865,-59.15313456481661,2.6463010713651443,3.4488693501525916,10.687463702577531,-0.005224969888083741,1.5470074327477104,2.2442062881601803,0.003382103332193409,-0.9666666666666663,-2.0,1.0333333333333332,-0.9241563648513197,-28.30922708882852,55.40572228369683,10364.837417288716,-0.2,-36.24821128680071,PM_008,c17,half_profile,1,20,0.5214285714285715,0
105.65845162527887,74.5335945690864,120.87190771722157,180.19204619436528,125.12235028815977,53.716834361418904,0.7207063428509126,11.097832382499382,6.998609924729243,0.23170702288419104,1.3,0.4,0.9,0.4642857142857143,109.11698973024016,237.13031322925076,35892.25257247445,0.13333333333333333,20.10655585615146,1.0,0.9978489875793457,-7.300114288990613,8.83300735011241,-56.31543348568334,3.0047049914603576,4.8905780016085885,8.911134100579545,-0.02126292828222698,1.9818659613142753,1.2237755911690833,-0.021137759670034617,-2.633333333333333,-2.166666666666667,-0.4666666666666667,-0.7064459930313588,-7.677835241540265,122.05480699415233,28706.92895672001,-0.30000000000000004,-20.065125502549193,PM_008,c17,half_profile,1,21,0.31451612903225806,0
102.10696820676054,78.08507798760473,180.19204619436528,123.15461073706143,121.00464593796485,57.11520161153942,0.7314483520219563,10.986216780427199,8.767184777693302,0.26433734395803277,2.933333333333333,2.7333333333333334,0.2,11.857142857142858,189.93514519233202,145.06102722960605,32276.54921439979,0.26666666666666666,10.653366187950226,1.0,0.9978489875793457,-10.851597707508944,12.38449076863074,3.0047049914603576,-54.032730465843485,0.7728736514136756,12.30950135070006,-0.010520919111183247,1.8702503592420925,2.9923504441331428,0.011492561403807111,-1.0,0.16666666666666652,-1.1666666666666667,10.686411149825785,73.14032022055159,29.985520994507624,25091.225598645353,-0.16666666666666669,-29.518315170750427,PM_008,c17,half_profile,1,22,0.4722222222222222,0
68.92793092273521,110.99936768502883,179.13849709250684,179.92729860776404,96.05324973894906,82.15912664504268,0.7401765285562432,16.9472356317363,15.63467063738668,0.5127112151998454,3.6666666666666665,1.2666666666666666,2.4,0.5342465753424658,145.0823330569574,190.79092149610574,16510.15069458164,0.3333333333333333,13.83588351625383,1.0,0.9978489875793457,-44.03063499153427,45.298780466054836,1.951155889601921,2.739957404859126,-24.178522547602114,37.35342638420332,-0.0017927425768964333,7.831269210551195,9.85983630382652,0.25986643264561976,-0.2666666666666666,-1.3000000000000003,1.0333333333333332,-0.6364851319746073,28.287508085176967,75.71541526100731,9324.827078827202,-0.10000000000000003,-26.335797842446823,PM_008,c17,half_profile,1,23,0.7272727272727273,1
65.75675878483487,114.17053982292917,179.92729860776404,179.84318595324737,59.03783832896831,118.24653252275456,1.0357009146680658,38.96710906916361,35.116680054437495,0.286370498019379,3.5,1.3,2.2,0.5970149253731343,143.602820062018,198.81698806564472,16541.86408937367,0.23333333333333334,5.592401446718142,1.0,0.9978489875793457,-47.20180712943461,48.46995260395518,2.739957404859126,2.655844750342453,-61.193933957582864,73.4408322619152,0.2937316435349262,29.851142647978506,29.341845720877338,0.03352571546515337,-0.4333333333333331,-1.2666666666666668,0.8333333333333335,-0.5737167819439388,26.80799509023757,83.74148183054629,9356.540473619232,-0.2,-34.57927991198251,PM_008,c17,half_profile,1,24,0.7699115044247787,1
61.80896879584233,118.03421715740504,179.84318595324737,179.2658651773029,70.40322819829494,106.81351946545873,0.9049369076004214,22.201825278145897,21.522041073093135,0.5409618888324466,3.466666666666667,1.3,2.1666666666666665,0.6060606060606061,168.71702714399817,232.96026205087628,22807.730096422903,0.3333333333333333,9.51001453812502,1.0,0.9978489875793457,-51.14959711842715,52.333629938431045,2.655844750342453,2.0785239743979957,-49.82854408825624,62.007819204619366,0.16296763646728185,13.08585885696079,15.747206739532976,0.2881171062782209,-0.46666666666666634,-1.2666666666666668,0.7999999999999998,-0.564671101256467,51.92220217221774,117.88475581577785,15622.406480668466,-0.10000000000000003,-30.661666820575633,PM_008,c17,half_profile,1,25,0.7663551401869159,1
101.1233240763345,78.14254110096842,179.2658651773029,178.79254692044583,108.64543406168605,69.26701001584263,0.8864187040749333,24.14054597301397,20.387479278432316,0.29911917680269673,3.1666666666666665,1.1,2.066666666666667,0.5396825396825397,150.42930305778214,222.60394604175133,18804.4889139059,0.3,19.879351132875897,1.0,0.9978489875793457,-11.835241837934987,12.441953881994422,2.0785239743979957,1.6052057175409118,-11.58633822486513,24.46130975500327,0.1444494329417937,15.024579551828865,14.612644944872157,0.046274394248471074,-0.7666666666666666,-1.4666666666666668,0.7000000000000002,-0.6310491676345334,33.63447808600171,107.5284398066529,11619.165298151464,-0.13333333333333336,-20.292330225824756,PM_008,c17,half_profile,1,26,0.7156862745098039,1
94.30229698940776,84.49024993103806,178.79254692044583,104.60881881383575,92.50733782615484,85.06205128591284,1.0067676608288114,32.9508513826312,32.9508513826312,0.29443820433699164,1.2,1.0333333333333334,0.16666666666666666,5.333333333333333,155.95120516690315,94.26159747235161,25028.977550292988,0.16666666666666666,17.750513349260572,1.0,0.9978489875793457,-18.65626892486172,18.78966271206407,1.6052057175409118,-72.57852238906916,-27.72443446039634,40.256351025073485,0.2647983896956718,23.834884961446093,27.176017049071042,0.04159342178276598,-2.7333333333333334,-1.5333333333333334,-1.2,4.16260162601626,39.15638019512272,-20.81390876274682,17843.65393453855,-0.2666666666666667,-22.42116800944008,PM_008,c17,half_profile,1,27,0.4,1
81.74151931696628,98.26533075638133,179.57357695608403,180.0068500733476,86.0037565024899,92.13384084990516,0.9376027144133131,26.390868537869768,26.38904261072989,0.4612661814276784,3.3333333333333335,1.4666666666666666,1.8666666666666667,0.7894736842105263,126.64473694640378,138.35443670099437,8515.004944003773,0.5333333333333333,1.436383234990089,1.0,0.9843401312828064,2.8356613225234923,-2.836659286961435,-0.3783525739397646,0.05492054332381713,5.911019692689294,-6.262773555078539,-0.05354421133309761,-3.9792142100148347,-2.862432942245942,0.03768663205109635,-1.8666666666666667,-1.1666666666666667,-0.7000000000000002,-0.23616734143049922,21.97657795695619,10.135055145659635,1991.43399633033,0.09999999999999998,-0.11535092968962601,PM_008,c18,side,1,4,0.9523809523809523,0
75.2993510192606,104.97167876272476,180.0068500733476,180.27102978198536,81.93161611845989,96.14022648798942,0.9158682381873903,27.241099857148633,26.921745671854353,0.43929957543616627,5.766666666666667,2.1666666666666665,3.6,0.6055045871559633,130.05403394822935,130.00649192116413,7467.13774659357,0.4,1.9221156727184052,1.0,0.9843401312828064,-3.606506975182185,3.8696887193819975,0.05492054332381713,0.3191002519615722,1.8388793086592727,-2.256387916994271,-0.07527868755902045,-3.128982890735969,-2.32972988112148,0.015720026059584224,0.5666666666666664,-0.4666666666666668,1.0333333333333332,-0.4201364384850622,25.385874958781756,1.7871103658293919,943.5667989201274,-0.033333333333333326,0.3703815080386903,PM_008,c18,side,1,5,0.5491329479768786,0
105.89890421417354,72.98815234295722,172.48556591215564,178.88705655713076,106.68115898231393,72.62451498849042,0.9950178577920682,22.18950996564061,21.5323910816407,0.43409397694971597,5.1,3.3,1.8,1.8181818181818181,68.03797932414341,74.04240793995996,3762.824713230492,0.7666666666666667,1.0419975379844857,1.0,0.9843401312828064,26.993046219730758,-28.113837700385545,-7.466363617868154,-1.0648729728930277,26.58842217251332,-25.772099416493276,0.0038709320456574714,-8.180572782243992,-7.719084471335133,0.010514427573133922,-0.10000000000000053,0.6666666666666665,-0.7666666666666668,0.7925407925407926,-36.63017966530418,-54.17697361537478,-2760.746234442951,0.33333333333333337,-0.5097366266952292,PM_008,c18,side,1,6,0.7440476190476191,0
105.78188465993628,73.10517189719448,178.88705655713076,166.833112047864,111.17992113782198,67.72854772790676,0.926453573259513,18.534532026811053,18.47856290412669,0.4361955514459893,5.133333333333334,2.966666666666667,2.1666666666666665,1.3636363636363635,70.78217939897058,70.87983564897002,4082.5798657786763,0.8666666666666667,0.5048975428461517,1.0,0.9843401312828064,26.876026665493498,-27.996818146148286,-1.0648729728930277,-13.118817482159784,31.087184328021365,-30.668066677076936,-0.06469335248689767,-11.835550721073549,-10.772912648849143,0.012616002069407273,-0.06666666666666643,0.3333333333333335,-0.40000000000000036,0.337995337995338,-33.88597959047701,-57.33954590636472,-2440.9910818947665,0.43333333333333335,-1.0468366218335632,PM_008,c18,side,1,7,0.7922077922077922,0
100.77214182403682,75.4142436898631,166.833112047864,176.18638551389992,104.03351824211337,74.45394722414214,0.9872663780907208,21.489856472263057,21.294904741889958,0.40796635328949216,4.5,2.6666666666666665,1.8333333333333333,1.4464285714285714,54.55730289607885,89.8531559535428,3587.562053436942,0.8,0.2512307435403187,1.0,0.9843401312828064,21.86628382959404,-25.687746353479668,-13.118817482159784,-3.7655440161238687,23.94078143231276,-23.942667180841553,-0.0038805476556899032,-8.880226275621546,-7.956570811085875,-0.015613196087089887,-0.7000000000000002,0.033333333333333215,-0.7333333333333336,0.42078754578754585,-50.11085609336874,-38.36622560179194,-2936.008894236501,0.3666666666666667,-1.3005034211393962,PM_008,c18,side,1,8,0.9183673469387755,0
102.08458098704666,77.80399689117026,176.18638551389992,179.88857787821692,109.13850604300876,70.44049392634128,0.9053582944443225,19.58176844873467,19.58176844873467,0.44152163143281753,4.8,2.933333333333333,1.8666666666666667,1.5614035087719298,77.07677667791074,91.09119662990764,4991.526877588584,0.6666666666666666,1.5878966030104351,1.0,0.9843401312828064,23.17872299260388,-23.29799315217251,-3.7655440161238687,-0.06335165180686886,29.045769233208148,-27.95612047864242,-0.08578863130208825,-10.788314299149931,-9.669707104241162,0.017942082056235487,-0.40000000000000036,0.2999999999999998,-0.7000000000000002,0.5357624831309042,-27.591382311536847,-37.12818492542709,-1532.0440700848585,0.23333333333333328,0.03616243833072019,PM_008,c18,side,1,9,0.8082191780821918,0
102.83108715371122,77.0574907245057,179.88857787821692,176.08246536585136,107.19402755803345,72.42559612984256,0.939890404539346,20.77214899930084,20.689982922046187,0.45628838337861033,5.233333333333333,3.3333333333333335,1.9,1.7413793103448276,62.20883257977363,79.57131918374671,3790.5062275758987,0.7666666666666667,0.5386561274012536,1.0,0.9843401312828064,23.92522915926844,-24.04449931883707,-0.06335165180686886,-3.8694641641724274,27.10129074823284,-25.971018275141134,-0.0512565212070647,-9.597933748583763,-8.561492630929646,0.032708834002028286,0.033333333333333215,0.7000000000000002,-0.666666666666667,0.7157382847038021,-42.45932640967396,-48.648062371588026,-2733.064720097544,0.33333333333333337,-1.0130780372784614,PM_008,c18,side,1,10,0.8333333333333334,0
104.26450153037052,72.13018006163747,176.08246536585136,176.394681592008,109.31527706658153,70.60666953743268,0.9788783207957764,19.46872562557069,19.42877515982753,0.44280954460044897,5.533333333333333,3.466666666666667,2.066666666666667,1.6666666666666667,63.51142189719468,78.20220749099519,3992.05834782482,0.9,3.066642629119741,1.0,0.9843401312828064,25.35864353592774,-28.97180998170529,-3.8694641641724274,-3.5572479380157915,29.222540256780917,-27.789944867551014,-0.01226860495063431,-10.901357122313911,-9.822700393148303,0.019229995223866925,0.33333333333333304,0.8333333333333335,-0.5,0.6410256410256412,-41.15673709225291,-50.01717406433954,-2531.512599848623,0.4666666666666667,1.5149084644400261,PM_008,c18,side,1,11,0.7831325301204819,0
101.03941979346322,78.80937663817292,176.394681592008,179.84879643163615,106.17459126261907,73.58011438939467,0.933646699519187,21.26546371757207,21.207804989505092,0.43290355453243445,5.7,3.1,2.6,1.1898734177215189,65.15382246537655,100.86605616978204,5068.739290230372,0.8,1.539724374746342,1.0,0.9843401312828064,22.13356179902044,-22.292613405169845,-3.5572479380157915,-0.1031330983876444,26.08185445281846,-24.81650001558903,-0.05750022622722373,-9.10461903031253,-8.04367056347074,0.00932400515585241,0.5,0.4666666666666668,0.033333333333333215,0.16423239208049334,-39.51433652407104,-27.353325385552694,-1454.831657443071,0.3666666666666667,-0.012009789933372872,PM_008,c18,side,1,12,0.6198830409356725,0
67.61960281438117,112.12592682281083,179.5424724760507,179.745529637192,65.5674203649743,113.23695264543788,1.0099087325662224,41.744145232361575,40.4067445895372,0.40445887797322566,4.266666666666667,2.3,1.9666666666666666,1.1666666666666667,117.06138610839758,133.26754780558844,8040.117749333249,0.3,3.195915024001877,1.0,0.9843401312828064,-11.286255180061616,11.023936779468059,-0.4094570539730853,-0.20639989283179716,-14.525316444826316,14.840338240454187,0.018761806819811655,11.374062484476973,11.155269036561364,-0.019120671403356382,-0.9333333333333336,-0.3333333333333335,-0.6000000000000003,0.1410256410256412,12.393227118949994,5.048166250253701,1516.546801659806,-0.13333333333333336,1.6441808593221623,PM_008,c18,side,1,13,0.7421875,0
47.81851280509645,132.05947837994708,179.745529637192,179.87799118504353,72.11789617497158,106.50467589407242,0.8064902057817374,26.030127917533278,21.517623711457986,0.5056326335126696,3.3,1.5333333333333334,1.7666666666666666,0.8703703703703703,153.00432874010795,172.87115617231876,10589.500014365263,0.23333333333333334,1.227526825743837,1.0,0.9843401312828064,-31.087345189346337,30.957488336604314,-0.20639989283179716,-0.07393834498026308,-7.974840634829036,8.108061489088726,-0.18465671996467337,-4.339954830351324,-7.733851841517847,0.08205308413608758,-1.9000000000000004,-1.0999999999999999,-0.8000000000000003,-0.1552706552706552,48.33616975066036,44.65177461698403,4065.9290666918205,-0.2,-0.32420733893587794,PM_008,c18,side,1,14,0.9090909090909091,0
73.92975725446419,105.94823393057933,179.87799118504353,179.69023244618313,52.59419283515956,126.44998611516235,1.1935072574972454,44.49961709356921,44.10387790564329,0.43333116547885847,3.466666666666667,1.7666666666666666,1.7,1.0384615384615385,142.76809296050558,123.10397160517738,8061.5093525392995,0.4666666666666667,2.1380402536103134,1.0,0.9843401312828064,-4.976100739978591,4.846243887236568,-0.07393834498026308,-0.2616970838406587,-27.498543974641052,28.053371710178652,0.20236033175083468,14.129534345684611,14.852402352667454,0.009751616102276428,-1.7333333333333334,-0.8666666666666667,-0.8666666666666669,0.012820512820512997,38.09993397105799,-5.115409950157357,1537.9384048658567,0.033333333333333326,0.5863060889305984,PM_008,c18,side,1,15,0.8888888888888888,0
47.40633200773422,132.3922601014503,179.69023244618313,179.7985921091845,63.180642842214255,115.30895561779717,0.8709644772997875,25.48343740190775,25.188847463368305,0.41591013445482566,3.5,2.1,1.4,1.4883720930232558,164.60433761794818,169.11530531846125,8989.078085779312,0.26666666666666666,1.2208135200269226,1.0,0.9843401312828064,-31.499525986708562,31.290270058107524,-0.2616970838406587,-0.1533374208392786,-16.912093967586358,16.912341212813473,-0.12018244844662318,-4.886645345976852,-4.062628089607529,-0.007669414921756379,-1.7000000000000002,-0.5333333333333332,-1.166666666666667,0.46273106738223024,59.936178628500585,40.89592376312652,2465.5071381058697,-0.16666666666666669,-0.33092064465279236,PM_008,c18,side,1,16,0.680672268907563,0
69.40298290170107,110.39560920748345,179.7985921091845,179.5419641139701,45.829382578531835,133.16447248912974,1.206247906462052,53.78563804131042,50.85850749490574,0.41365518030666115,3.933333333333333,2.1333333333333333,1.8,1.1818181818181819,144.76278726156607,149.24200082754112,10931.2309196078,0.3333333333333333,0.27330638010263897,1.0,0.9843401312828064,-9.502875092741718,9.29361916414068,-0.1533374208392786,-0.4099654160536943,-34.26335423126878,34.76785808414604,0.2151009807156412,23.415555293425818,21.607031941929904,-0.00992436906992089,-1.266666666666667,-0.5,-0.7666666666666668,0.15617715617715633,40.094628272118484,21.022619272206384,4407.659971934358,-0.10000000000000003,-1.278427784577076,PM_008,c18,side,1,17,0.7478991596638656,1
157.68273509632436,20.721805721134302,173.84620144666508,178.40454081745867,165.7709949708086,13.940667156533209,0.6727534918597868,8.067448002951474,1.9107121038230441,0.08814921759036701,3.6333333333333333,1.9666666666666666,1.6666666666666667,1.1764705882352942,20.281169940898565,27.488609413047982,1640.994032365047,1.1666666666666667,40.034269654905586,1.0,0.9843401312828064,78.77687710188158,-80.38018432220846,-6.105728083358713,-1.5473887125651231,85.67825816100799,-84.45594724845049,-0.3183934338866239,-22.30263474493313,-27.34076344915279,-0.33543033178621506,-1.5666666666666669,-0.6666666666666667,-0.9000000000000001,0.1508295625942686,-84.38698904854903,-100.73077214228675,-4882.576915308396,0.7333333333333334,38.48253549022587,PM_008,c18,half_profile,1,18,0.825,0
159.53975211799894,20.36166764957045,178.40454081745867,179.9014197675694,165.71220232810788,13.810908263895897,0.6782798197861388,6.930964213945122,1.8443636899386624,0.101490791548382,4.833333333333333,2.8333333333333335,2.0,1.4098360655737705,31.326630827668396,33.897251277775524,1665.7766276477819,1.5666666666666667,45.36479629582648,1.0,0.9843401312828064,80.63389412355616,-80.74032239377232,-1.5473887125651231,-0.05050976245439642,85.61946551830727,-84.5857061410878,-0.3128671059602719,-23.439118533939478,-27.40711186303717,-0.3220887578282,-0.36666666666666714,0.20000000000000018,-0.5666666666666669,0.38419503993274495,-73.3415281617792,-94.32213027755921,-4857.794320025661,1.1333333333333333,43.813062131146765,PM_008,c18,half_profile,1,19,0.7080745341614907,0
156.78307781797446,23.18358529491337,179.82523322827865,179.96666311288783,164.97378222973293,14.482761201404372,0.6246989418233764,6.24623946194008,0.6461328638322418,0.11588893966241301,4.366666666666666,1.1333333333333333,3.2333333333333334,0.35714285714285715,29.920580975421274,19.558551342455814,1840.910583613029,0.9666666666666667,38.74190167844033,1.0,0.9843401312828064,77.87721982353168,-77.9184047484294,-0.12669630174514168,0.014733582864039363,84.88104541993232,-83.91385320357932,-0.36644798392303435,-24.123843285944524,-28.60534268914359,-0.30769060971416906,-0.8333333333333339,-1.5,0.6666666666666665,-0.6684981684981683,-74.74757801402632,-108.66083021287892,-4682.6603640604135,0.5333333333333333,37.19016751376061,PM_008,c18,half_profile,1,21,0.7465753424657534,0
78.07308358857115,101.91293724687573,179.59527825689912,179.98602083544688,100.7512411142323,78.71386256362442,0.7723637909968833,6.86461419976634,5.915853310457031,0.3451059747051878,4.133333333333334,1.9666666666666666,2.1666666666666665,0.9090909090909091,296.619605522651,368.72832855620845,20999.551999629613,0.23333333333333334,20.523005712599954,1.0,0.9843401312828064,-0.832774405871632,0.8109472035329617,-0.35665127312466893,0.03409130542308958,20.658504304431688,-19.682751841359277,-0.21878313474952737,-23.505468548118262,-23.335622242518802,-0.07847357467139426,-1.0666666666666664,-0.6666666666666667,-0.40000000000000036,-0.11655011655011649,191.9514465332034,240.50894700087372,14475.98105195617,-0.2,18.97127154792024,PM_008,c18,half_profile,1,23,0.6451612903225806,1
133.75819555505512,46.227825280391755,179.98602083544688,179.14107193059195,134.10278505267502,45.36840344713872,0.9814089927864814,21.40757773758526,18.593915774192617,0.14326418716928124,3.6333333333333333,1.1,2.533333333333333,0.44155844155844154,126.7033267330811,193.234094396814,25186.985987196436,0.16666666666666666,58.35210322920888,1.0,0.9843401312828064,54.85233756061234,-54.87416476295101,0.03409130542308958,-0.8108575994318414,54.010048242874404,-53.028210957844976,-0.009737932959929307,-8.962505010299342,-10.657559778783217,-0.2803153622073008,-1.5666666666666669,-1.5333333333333332,-0.03333333333333366,-0.5840825840825841,22.035167743633508,65.01471284147925,18663.415039522995,-0.2666666666666667,56.800369064529164,PM_008,c18,half_profile,1,24,0.7894736842105263,1
110.26665424165256,68.87441768893939,179.14107193059195,173.14565815450803,122.79167294192607,56.499253178055596,0.8203227711227368,8.233829514804846,6.086353997647496,0.22165250316971793,1.2666666666666666,1.0333333333333334,0.23333333333333334,4.0,223.05365029867545,529.857164853579,78253.47410003618,0.1,50.224589740043,1.0,0.9843401312828064,31.360796247209777,-32.22757235440338,-0.8108575994318414,-6.806271375515763,42.69893613212545,-41.8973612269281,-0.17082415462367395,-22.136253233079756,-23.165121555328337,-0.2019270462068641,-3.9333333333333336,-1.5999999999999999,-2.3333333333333335,2.9743589743589745,118.38549130922786,401.63778329824424,71729.90315236273,-0.33333333333333337,48.672855575363286,PM_008,c18,half_profile,1,25,0.4470588235294118,1
147.0238588011108,32.49625472692179,179.5201135280326,179.31051371520707,148.62673619918473,30.51873957646353,0.9391463672636721,11.873038597437192,10.492612330944493,0.1093470691925002,3.2,1.0333333333333334,2.1666666666666665,0.48484848484848486,110.79789198838284,93.70688698508616,6217.067410727938,0.3333333333333333,71.85739449505158,1.0,0.9843401312828064,68.11800080666802,-68.60573531642098,-0.4318160019911943,-0.6414158148167246,68.53399938938412,-67.87787482852016,-0.05200055848273866,-18.497044150447408,-18.75886322203134,-0.31423248018408184,-2.0,-1.5999999999999999,-0.40000000000000036,-0.5407925407925407,6.129732998935253,-34.51249457024858,-306.5035369455045,-0.10000000000000003,70.30566033037186,PM_008,c18,half_profile,1,26,0.7254901960784313,1
66.17034175592059,113.14017195928648,179.31051371520707,157.46415333933624,68.40451598064199,111.01238320090538,0.9811933398939257,9.595563877712584,3.652757792245769,0.11799102920224445,1.6,1.1666666666666667,0.43333333333333335,2.5714285714285716,530.4386079466178,630.832871276062,54823.00979475392,0.3,20.08920877630058,1.0,0.9843401312828064,-12.735516238522194,12.03818191594371,-0.6414158148167246,-22.487776190687555,-11.688220829158624,12.615768795921682,-0.00995358585248507,-20.774518870172017,-25.598717760730064,-0.3055885201743376,-3.6,-1.4666666666666666,-2.1333333333333337,1.545787545787546,425.77044895717023,502.6134897207272,48299.43884708048,-0.13333333333333336,18.537474611620866,PM_008,c18,half_profile,1,27,0.5333333333333333,1
100.19978289583531,79.76838178758487,179.96816468342018,179.87815480417993,104.94210376161503,59.90995071873512,0.7510488413600924,10.2759467574941,9.723025776091063,0.3101628684636314,2.6,1.3333333333333333,1.2666666666666666,1.0512820512820513,102.62235071751917,139.93483803489,7511.517958477816,0.36666666666666664,9.912312858548503,1.0,0.9979022145271301,-4.489275944697383,4.500260291161496,0.01098434646411306,-0.08995815789029393,-1.7240779265696773,0.3270841986585964,-0.040559416365694045,0.224035085537734,-0.13815085918872327,-0.011783562826387817,-0.33333333333333304,-0.1333333333333333,-0.19999999999999996,0.05128205128205132,-4.111436125520811,8.823498812588468,1558.3774786879394,0.033333333333333326,-2.089692351105924,PM_022,c17,front,2,4,0.975,0
93.28112026726517,86.69252615263953,179.9736464199047,179.94055142753544,88.1600789652241,75.44292373987494,0.8702356141640467,13.24583656344061,13.078036250490113,0.3515458758517256,2.933333333333333,1.5333333333333334,1.4,1.0930232558139534,199.82411273114053,186.93707949155325,11685.392060059905,0.23333333333333334,3.924186112044694,1.0,0.9979022145271301,-11.40793857326753,11.424404656216154,0.01646608294862517,-0.02756153453478305,-18.506102722960605,15.86005721979842,0.07862735643826024,3.1939248914842437,3.2168596152103266,0.02959944456170638,0.0,0.06666666666666687,-0.06666666666666665,0.09302325581395343,93.09032588810055,55.825740269251725,5732.251580270028,-0.09999999999999998,-8.077819097609733,PM_022,c17,front,2,6,0.8522727272727273,0
109.43736435531005,70.53363846287576,179.94055142753544,179.9710028181858,100.06851510052027,64.77880624878449,0.9184101041785867,14.637414131329669,14.593883023117508,0.34544603391127104,3.8333333333333335,1.3333333333333333,2.5,0.5394736842105263,109.90032542835564,124.98834783380673,7541.12560727596,0.23333333333333334,8.51484221090999,1.0,0.9979022145271301,4.748305514777357,-4.734483033547619,-0.016628909420632,0.0028898561155870084,-6.597666587664435,5.19593972870797,0.12680184645280024,4.585502459373302,4.732706387837721,0.023499602621251836,0.9000000000000004,-0.1333333333333333,1.0333333333333334,-0.4605263157894737,3.1665385853156636,-6.122991388494796,1587.985127486083,-0.09999999999999998,-3.487162998744438,PM_022,c17,front,2,7,0.6722689075630253,0
110.17814048337715,69.85738699776778,179.9710028181858,180.03552748114492,101.78183409455522,60.53206403327701,0.8665091357512592,13.792560218216519,13.630622756429545,0.33202044014290766,3.7,1.4,2.3,0.6142857142857143,110.80747629140916,129.8504024356984,5812.151740034191,0.4,19.40282895967556,1.0,0.9979022145271301,5.489081642844454,-5.4107344986556,0.01382248122973806,0.06741451907470264,-4.884347593629485,0.9491975132004882,0.07490087802547274,3.740648546260152,3.769446121149759,0.01007400885288845,0.766666666666667,-0.06666666666666665,0.8333333333333333,-0.3857142857142857,4.07368944836918,-1.2609367866031107,-140.98873975568586,0.06666666666666671,7.400823750021132,PM_022,c17,front,2,8,0.7657657657657657,0
123.82658052650864,56.20894695463629,180.03552748114492,179.57781804072368,112.29840404956356,51.58387611025849,0.917716465172164,14.25954141245258,14.25954141245258,0.3949564961127899,3.033333333333333,0.8333333333333334,2.2,0.3880597014925373,148.1275285993297,124.72899796126654,10208.51398587485,0.3,26.2150118609011,1.0,0.9979022145271301,19.13752168597594,-19.059174541787087,0.07834714418885369,-0.39029492134653765,5.632222361378851,-7.998990409818035,0.12610820744637752,4.207629740496213,4.398364777172793,0.07301006482277067,0.10000000000000009,-0.6333333333333332,0.7333333333333336,-0.6119402985074627,41.39374175628973,-6.382341261034981,4255.373506084973,-0.033333333333333326,14.213006651246673,PM_022,c17,front,2,9,0.6915887850467289,0
139.37879184210954,40.40178564823026,179.57781804072368,179.7805774903398,124.38502951617863,38.88206732943971,0.9623848724899831,12.820927541493319,8.472303367796387,0.37228598481132824,2.1,1.7333333333333334,0.36666666666666664,4.416666666666667,56.94103686840435,224.9428389908431,14183.813294066358,0.23333333333333334,15.713401166907616,1.0,0.9979022145271301,34.68973300157684,-34.86633584819312,-0.3793622962323866,-0.18753547173042762,17.718847827993926,-20.700799190636815,0.1707766147641966,2.7690158695369522,-1.3888732674833992,0.05033955352130903,-0.833333333333333,0.26666666666666683,-1.0999999999999999,3.416666666666667,-49.792749974635626,93.83149976854156,8230.67281427648,-0.09999999999999998,3.7113959572531883,PM_022,c17,front,2,10,0.9,0
105.46829075008229,74.23698144557663,179.68484074315958,179.70527219565892,115.36779603503985,63.34736035499728,0.853312717212747,13.958966457482521,13.720508930487016,0.2663589023795475,3.6333333333333333,1.8,1.8333333333333333,0.9821428571428571,154.41036075740556,214.66753179376866,21131.374343308515,0.5333333333333333,26.247964603044224,1.0,0.9979022145271301,0.7792319095495941,-1.0311400508467443,-0.2723395937964881,-0.2628407664113013,8.701614346855138,3.7644938349207564,0.06170445948696057,3.907054785526155,3.8593322952072295,-0.055587528910471695,0.7000000000000002,0.3333333333333335,0.3666666666666667,-0.017857142857142905,47.67657391436558,83.55619257146714,15178.233863518639,0.2,14.245959393389796,PM_022,c17,half_profile,2,11,0.6880733944954128,0
109.1681317085826,70.68002299519317,179.84815470377578,117.25816622647356,121.6124797011865,56.09869454123749,0.7936994381715562,10.805468476695918,9.602522655998976,0.20695524807874227,2.4,2.1666666666666665,0.23333333333333334,8.25,194.81119923777413,58.52147288136706,30101.78481328068,0.3,11.799451192220033,1.0,0.9979022145271301,4.4790728680499114,-4.588098501230206,-0.10902563318029479,-62.70994673559666,14.946298013001794,-3.4841719788390293,0.0020911804457697247,0.7535568047395511,-0.25865397928081,-0.11499118321127694,-0.5333333333333332,0.7,-1.2333333333333332,7.25,88.07741239473415,-72.58986634093446,24148.644333490804,-0.033333333333333326,-0.2025540174343945,PM_022,c17,half_profile,2,13,0.3652173913043478,0
105.9953257242837,74.10545600131468,180.10078172559838,122.23353817762217,116.17559395001548,61.79762997978169,0.833914711741135,15.172506447994326,12.667518879944094,0.20343330937933585,2.0,1.3333333333333333,0.6666666666666666,1.9523809523809523,250.51127247996135,126.0500414959796,48260.63167799924,0.23333333333333334,7.303030435141011,1.0,0.9979022145271301,1.3062668837510074,-1.1626654951086977,0.14360138864230976,-57.73457478444806,9.509412261830775,2.2147634597051677,0.042306454015348494,5.12059477603796,2.8063422446643074,-0.11851312191068336,-0.9333333333333331,-0.1333333333333333,-0.7999999999999999,0.9523809523809523,143.77748563692137,-5.061297726321925,42307.49119820936,-0.09999999999999998,-4.698974774513417,PM_022,c17,half_profile,2,14,0.4444444444444444,0
102.09774268344353,76.65677134195954,178.75451402540307,119.84709197205366,117.80045856954715,60.473071011629884,0.7888810075481069,9.618270560260445,9.350338671630581,0.22774987483953468,0.9666666666666667,0.6666666666666666,0.3,2.1,380.4273640025747,162.12582575810387,101536.74728756917,0.13333333333333333,28.597247466380423,1.0,0.9979022145271301,-2.5913161570891674,1.3886498455361647,-1.2026663115530027,-60.12102099001656,11.134276881362439,0.8902044915533622,-0.0027272501776796076,-0.43364111169592157,-0.5108379636492053,-0.09419655645048453,-1.9666666666666663,-0.7999999999999999,-1.1666666666666665,1.1,273.6935771595347,31.014486535802348,95583.6068077793,-0.19999999999999998,16.595242256725996,PM_022,c17,half_profile,2,15,0.3625,0
85.32786602994568,95.19164401628225,180.51951004622794,120.67417303308247,109.73178024622254,64.68896844376724,0.6795656185190202,9.08501776988371,5.107266128837281,0.20538850858388236,0.9333333333333333,0.7,0.23333333333333334,2.75,278.96544518408757,250.91599204323515,58153.84598002022,0.1,50.085928021055196,1.0,0.9979022145271301,-19.361192810587013,19.923522519858878,0.5623297092718644,-59.293939928987754,3.065598558037834,5.106101923690716,-0.11204263920676627,-0.9668939020726572,-4.753910506442505,-0.11655792270613685,-1.9999999999999998,-0.7666666666666666,-1.2333333333333332,1.75,172.2316583410476,119.80465282093363,52200.70550023034,-0.2333333333333333,38.08392281140077,PM_022,c17,half_profile,2,17,0.4307692307692308,0
79.48652196446528,100.72888451117959,180.21540647564487,179.8218079934386,102.32254272725145,75.99139364663644,0.7544151214957849,15.954905423251041,15.3801188819852,0.4073642786769634,4.633333333333334,3.3333333333333335,1.3,2.525,282.56611613484125,190.70977149071553,21756.517499978312,0.2,17.54606308049452,1.0,0.9979022145271301,-25.202536876067413,25.46076301475621,0.25822613868879785,-0.14630496863162534,-4.343638960933262,16.408527126559918,-0.03719313623000153,5.902993751294675,5.518942246705414,0.08541784738694419,1.7000000000000006,1.866666666666667,-0.16666666666666652,1.525,175.83232929180127,59.598432268414,15803.377020188436,-0.1333333333333333,5.544057870840092,PM_022,c17,half_profile,2,18,0.46405228758169936,0
78.91284942626942,100.90895856716918,179.8218079934386,105.38136892607703,110.96743467256606,66.63459569757624,0.6603437062847249,13.752478583034481,12.843890875448894,0.5055984212206548,2.6333333333333333,2.1333333333333333,0.5,4.0625,186.9633067737928,148.84363744165995,27202.16709501592,0.2,7.32062626297855,1.0,0.9979022145271301,-25.776209414263278,25.640837070745803,-0.1353723435174743,-74.58674403599319,4.30125298438135,7.051729177499723,-0.13126455144106153,3.7005669110781145,2.9827142401691074,0.18365198993063558,-0.2999999999999998,0.6666666666666667,-0.9666666666666666,3.0625,80.22951993075282,17.732298219358427,21249.026615226045,-0.1333333333333333,-4.681378946675878,PM_022,c17,half_profile,2,19,0.4824561403508772,0
79.80233777859499,99.95226139217215,179.75459917076714,179.68579108168012,101.81747796525157,75.75887681705085,0.7579506032365164,18.986258048515786,12.72279488369498,0.5445540866036428,3.066666666666667,0.9,2.1666666666666665,0.42424242424242425,197.17310125177548,189.9404273095064,18642.75841018022,0.8333333333333334,3.6236747312339332,1.0,0.9979022145271301,-24.886721061937706,24.68413989574877,-0.20258116618893496,-0.2823218803901,-4.848703722933138,16.176010296974326,-0.03365765448927005,8.93434637655942,2.861618248415194,0.2226076553136236,0.13333333333333375,-0.5666666666666665,0.7,-0.5757575757575757,90.4393144087355,58.829088087204866,12689.617930390345,0.5,-8.378330478420494,PM_022,c17,half_profile,2,21,0.84375,0
80.2521890087044,99.43360207297572,179.68579108168012,178.8955858899399,105.24760483250458,73.31718742073349,0.7373481991221135,20.833909550786508,14.857958463363296,0.4749211969571706,1.9,1.0333333333333334,0.8666666666666667,1.1851851851851851,230.81274750944786,211.85226044097533,37542.77828677584,0.23333333333333334,13.332781539850927,1.0,0.9979022145271301,-24.43686983182829,24.16548057655234,-0.2713892552759489,-1.0725270721303275,-1.4185768556801293,13.734320900656968,-0.054260058603673,10.781997878830142,4.99678182808351,0.1529747656671514,-1.0333333333333332,-0.4333333333333331,-0.5999999999999999,0.18518518518518512,124.07896066640788,80.7409212186738,31589.637806985967,-0.09999999999999998,1.3307763301964997,PM_022,c17,half_profile,2,22,0.8142857142857143,1
74.96161496381212,100.63757912111474,175.59919408492686,174.54854738970315,76.59817210936433,93.80704002875771,0.9321273509159371,25.793774592411946,25.760379683919762,0.4315716523628724,2.8666666666666667,1.5666666666666667,1.3,1.2,122.72592519784865,181.48797567788677,6203.635675683708,0.5,4.077233979196265,1.0,0.9878085255622864,-0.282154793347118,0.282154793347118,-1.840873354957239,-1.050646695223719,1.7726564944048562,-7.693440656125318,-0.09108864102662473,-2.4583235571394724,-2.4164640005532796,0.015428753771307147,-0.3999999999999999,-0.3666666666666667,0.19999999999999996,-0.388235294117647,5.991225799956226,15.355483216125094,-312.17622393412876,0.033333333333333326,0.7716489519391843,PM_022,c18,side,2,4,0.9302325581395349,0
67.38039754892316,112.60644389230953,179.98684144123268,178.40205806055087,59.37518523575415,120.43952609966311,1.0695615804619911,40.293413220029834,40.12379335015362,0.4103884227348091,5.633333333333334,4.5,1.1333333333333333,3.8857142857142857,154.6777264483552,155.72267507577834,4831.10476408325,0.4,2.770990479044059,1.0,0.9878085255622864,-7.863372208236086,12.251019564541906,2.546774001348581,2.802863975624007,-15.450330379205319,18.939045414780082,0.04634558851942927,12.041315070478415,11.946949665680577,-0.005754475856756203,2.366666666666667,2.5666666666666664,0.033333333333333215,2.2974789915966385,37.943027050462774,-10.409817385983331,-1684.707135534586,-0.06666666666666665,-0.5345945482130219,PM_022,c18,side,2,6,0.41040462427745666,0
69.00431351434608,109.42754113003272,178.40205806055087,178.4318546443788,57.56359280342656,115.88279672928172,1.0589911418330986,44.15014336325899,43.39639838742997,0.4103884227348091,2.7,1.6333333333333333,1.0666666666666667,1.5151515151515151,124.537095899706,162.2871706083214,7559.30615678775,0.4,2.1428318766804324,1.0,0.9878085255622864,-6.239456242813162,9.0721168022651,0.9619906206667679,2.832660559451938,-17.261922811532912,14.382316044398692,0.03577514989053676,15.898045213707572,15.219554702956927,-0.005754475856756203,-0.5666666666666664,-0.30000000000000004,-0.03333333333333344,-0.07308377896613183,7.8023965018135755,-3.845321853440282,1043.494257169914,-0.06666666666666665,-1.1627531505766484,PM_022,c18,side,2,7,0.8539325842696629,0
64.3814545668564,114.0504000775224,178.4318546443788,177.81419960451308,62.04395416391868,117.73726234601156,1.032326605307681,42.3729075807513,40.25554628908887,0.40354639640102086,4.266666666666667,2.7666666666666666,1.5,1.826086956521739,151.3109004033069,162.02402981844799,6249.178661801363,0.36666666666666664,1.5739727598247981,1.0,0.9878085255622864,-10.862315190302837,13.694975749754775,0.9917872044946989,2.2150055195862137,-12.781561451040794,16.236781661128532,0.009110613365119091,14.120809431199884,12.078702604615827,-0.012596502190544423,1.0,0.8333333333333333,0.3999999999999999,0.23785166240409206,34.576201005414475,-4.108462643313686,-266.6332378164734,-0.10000000000000003,-1.7316122674322827,PM_022,c18,side,2,8,0.6640625,0
59.89142354329419,118.41074335007426,177.81419960451308,178.30216689336845,64.97283218846168,114.85560981122946,0.96997625858716,38.90252961328014,38.90252961328014,0.40101750007955483,3.3666666666666667,1.7,1.6666666666666667,1.0196078431372548,138.5548321612471,194.10893526944207,7240.514580182771,0.4666666666666667,0.857452144870507,1.0,0.9878085255622864,-15.352346213865054,18.055319022306634,0.3741321646289748,2.7029728084415865,-9.85268342649779,13.355129126346426,-0.053239733355401886,10.650431463728719,10.725685928807096,-0.015125398512010446,0.10000000000000009,-0.2333333333333334,0.5666666666666667,-0.5686274509803921,21.820132763354678,27.9764428076804,724.7026805649348,0.0,-2.448132882386574,PM_022,c18,side,2,9,0.8910891089108911,0
61.812458137413046,116.89424983763575,178.30216689336845,178.7067079750488,65.46521517931116,114.4278907280462,0.9789009372743716,39.89511869686501,38.419775744021145,0.36378042316023873,3.2333333333333334,1.9,1.3333333333333333,1.4146341463414633,133.78128646256187,254.2407612986375,9560.197876838662,0.4,0.19811952268921829,1.0,0.9878085255622864,-13.431311619746197,16.538825509868133,0.8620994534843476,3.107513890121936,-9.360300435648313,12.927410043163164,-0.0443150546681903,11.643020547313593,10.242932059548103,-0.05236247543132655,-0.033333333333333215,-0.03333333333333344,0.23333333333333317,-0.17360114777618363,17.04658706466944,88.10826883687582,3044.385977220825,-0.06666666666666665,-3.1074655045678625,PM_022,c18,side,2,10,0.7216494845360825,0
150.38059000122576,29.562982270211876,179.94357227143763,179.4930942419801,154.19110622653693,19.74814285344371,0.6680023914008922,8.27727717032163,4.785756482706435,0.1443294887934926,6.166666666666667,4.3,1.8666666666666667,2.280701754385965,100.63807103541023,91.232010482193,6745.945484613811,0.3333333333333333,68.93888498281491,1.0,0.9878085255622864,75.13682024406651,-70.79244205755575,2.5035048315535278,3.893900157053224,79.36559061157746,-81.75233783143932,-0.3552136005416696,-19.97482097922979,-23.391087201766606,-0.27181340979807267,2.9000000000000004,2.3666666666666663,0.7666666666666666,0.6924664602683179,-16.096628362482193,-74.90048197956867,230.13358499597416,-0.13333333333333336,65.63329995555783,PM_022,c18,half_profile,2,11,0.40540540540540543,0
141.4786114052775,38.0144828367026,179.4930942419801,179.3087471966101,148.55533761689136,22.26193164643783,0.5856171118272891,8.715015840736807,2.496421059488731,0.18167536418675317,3.3,1.1666666666666667,2.1333333333333333,0.5538461538461539,77.70102761008502,75.94028621524956,5193.24256739005,0.3,60.188715253557405,1.0,0.9878085255622864,66.23484164811825,-62.340941491065024,2.053026802095985,3.709553111683249,73.7298220019319,-79.2385490384452,-0.4375988801152727,-19.53708230881461,-25.68042262498431,-0.2344675344048121,0.033333333333333215,-0.7666666666666666,1.0333333333333332,-1.034389140271493,-39.03367178780741,-90.19220624651211,-1322.5693322277866,-0.16666666666666669,56.883130226300324,PM_022,c18,half_profile,2,12,0.6727272727272727,0
149.4480988473601,30.47187547559861,179.3087471966101,179.9199743229587,158.63361771488582,13.113287062872018,0.43034066194491144,8.411387577717427,5.4016226215279906,0.1484324170268457,6.2,1.3,4.9,0.2702702702702703,48.90181702452708,52.84833635602723,4929.132547833429,0.4666666666666667,67.88080402060493,1.0,0.9878085255622864,74.20432909020084,-69.88354885216901,1.86867975672601,4.32078023803183,83.80810209992634,-88.38719362201101,-0.5928753299976504,-19.84071057183399,-22.77522106294505,-0.26771048156471955,2.9333333333333336,-0.6333333333333333,3.8000000000000003,-1.3179650238473766,-67.83288237336535,-113.28415610573444,-1586.6793517844071,0.0,64.57521899334785,PM_022,c18,half_profile,2,13,0.3826530612244898,0
162.15545079615185,17.76452352680684,179.9199743229587,179.180550843606,166.5657361843883,7.672722952706465,0.43191267928623306,8.180240866425738,8.146939306548136,0.07777923334277026,2.8666666666666667,2.033333333333333,0.8333333333333334,2.3846153846153846,41.72767143745034,31.929351013976373,5612.409116701051,0.6333333333333333,80.07106120452208,1.0,0.9878085255622864,86.91168103899261,-82.59090080096078,2.479906883074591,3.581356758679135,91.74022056942883,-93.82775773217656,-0.5913033126563287,-20.07185728312568,-20.029904377924908,-0.338363665248795,-0.3999999999999999,0.09999999999999987,-0.2666666666666667,0.7963800904977376,-75.00702796044209,-134.2031414477853,-903.4027829167853,0.16666666666666663,76.765476177265,PM_022,c18,half_profile,2,14,0.5757575757575758,0
155.01457313438493,24.231626436307806,179.180550843606,179.24619957069274,159.140318635222,13.613916504434656,0.5618242976887449,7.159588396807244,6.758299197985487,0.1018839503328004,3.0,2.3666666666666667,0.6333333333333333,3.6,59.21943961799883,84.44175422965714,8332.056528452504,0.43333333333333335,73.70347918886117,1.0,0.9878085255622864,79.77080337722569,-76.12379789145982,1.7404834037218961,3.647005485765874,84.31480302026253,-87.88656418044837,-0.461391694253817,-21.092509752744174,-21.418544486487555,-0.3142589482587649,-0.2666666666666666,0.43333333333333335,-0.4666666666666668,2.011764705882353,-57.5152597798936,-81.69073823210454,1816.2446288346673,-0.033333333333333326,70.39789416160409,PM_022,c18,half_profile,2,15,0.6504854368932039,0
151.33925949030603,27.977721969802616,179.24619957069274,179.31698146010865,158.41960038354364,13.003134128851286,0.4647674368515795,7.107650944680869,7.004051251844916,0.13055575493868277,4.433333333333334,2.433333333333333,2.0,1.2131147540983607,39.73605465579226,59.20100620814708,3849.058380078174,0.4666666666666667,69.1911573533887,1.0,0.9878085255622864,76.09548973314679,-72.377702357965,1.8061321308086349,3.7177873751817856,83.59408476858417,-88.49734655603174,-0.5584485550909823,-21.14444720487055,-21.172792432628125,-0.2855871436528825,1.166666666666667,0.4999999999999998,0.8999999999999999,-0.3751205400192863,-76.99864474210017,-106.9314862536146,-2666.753519539662,0.0,65.88557232613162,PM_022,c18,half_profile,2,16,0.6015037593984962,0
153.72705144180344,26.178904149439404,179.31698146010865,179.90595559124284,158.61532487084833,13.277260189964636,0.5071740250918393,9.553506900737798,6.429579257965079,0.1515027153350056,3.066666666666667,1.2333333333333334,1.8333333333333333,0.6785714285714286,43.34072360744756,61.10967462713063,7683.708536175757,0.4,72.90550162575454,1.0,0.9878085255622864,78.4832816846442,-74.17652017832822,1.8769140202245467,4.306761506315979,83.78980925588885,-88.2232204949184,-0.5160419668507226,-18.69859124881362,-21.74726442650796,-0.2646401832565597,-0.19999999999999973,-0.7,0.7333333333333332,-0.9096638655462184,-73.39397579044487,-105.02281783463104,1167.8966365579208,-0.06666666666666665,69.59991659849746,PM_022,c18,half_profile,2,17,0.6185567010309279,0
152.8612845284596,26.607097609218556,173.48029198584595,179.46838213767816,160.33631626145643,13.405841976017115,0.5038445821077604,8.324495268074454,6.475257120091152,0.144460367304938,1.3666666666666667,0.2,1.1666666666666667,0.19444444444444445,181.52839759727584,91.0015452991837,15882.306720399556,0.23333333333333334,62.57958654098172,1.0,0.9878085255622864,77.61751477130036,-73.74832671854907,-3.9597754540381516,3.869188052751298,85.51080064649696,-88.09463870886592,-0.5193714098348015,-19.927602881476965,-21.70158656438189,-0.2716825312866273,-1.9,-1.7333333333333334,0.06666666666666665,-1.3937908496732025,64.79369819938341,-75.13094716257797,9366.49482078172,-0.23333333333333334,59.27400151372464,PM_022,c18,half_profile,2,18,0.4157303370786517,0
106.3002193170191,73.16816282065906,179.46838213767816,179.2568538385034,133.72546697178942,45.51199030360095,0.622019038733478,7.1284279389814795,6.542608479916781,0.463689802141932,2.2666666666666666,1.4666666666666666,0.8,1.8,120.90068767597103,202.2792865703633,14710.171798242158,0.26666666666666666,32.79765445329406,1.0,0.9878085255622864,31.056449559859857,-27.18726150710856,2.028314697794059,3.6576597535765245,58.899951356829945,-55.98849038128208,-0.4011969532090839,-21.12367021056994,-21.634235204556262,0.047546903550366726,-1.0,-0.4666666666666668,-0.30000000000000004,0.21176470588235308,4.165988278078601,36.146794108601625,8194.359898624321,-0.2,29.492069426036977,PM_022,c18,half_profile,2,19,0.6458333333333334,0
135.9006013416107,43.22142728995442,178.646080182228,179.12202863156512,141.92481069853793,32.855623914049744,0.7601698040565655,8.933152871730512,7.830501444928046,0.13947989543278994,1.2,0.4666666666666667,0.7333333333333333,0.6521739130434783,169.94506835937386,173.67999980976066,19288.209008109025,0.3333333333333333,65.64977175229549,1.0,0.9878085255622864,60.65683158445145,-57.1339970378132,1.2060127423438871,3.5228345466382507,67.09929508357845,-68.64485677083329,-0.2630461878859963,-19.31894527782091,-20.346342239544995,-0.27666300315877534,-2.0666666666666664,-1.4666666666666668,-0.3666666666666668,-0.9360613810741687,53.210368961481436,7.547507347998987,12772.397108491188,-0.13333333333333336,62.34418672503841,PM_022,c18,half_profile,2,20,0.4235294117647059,0
127.21834716136303,52.555161678429755,141.57246636725074,179.77350883979278,144.282831233301,33.2121440012217,0.6319482794941715,9.876738762958727,8.768192609151193,0.3701355635345751,1.4666666666666666,0.16666666666666666,1.3,0.15,132.02130503468595,202.8696035409905,20513.888751454742,0.16666666666666666,51.46990930466417,1.0,0.9878085255622864,51.974577404203785,-47.80026264933787,-35.86760107263336,4.174314754865918,69.45731561834154,-68.28833668366133,-0.3912677124483903,-18.37535938659269,-19.40865107532185,-0.04600733505699017,-1.8,-1.7666666666666666,0.19999999999999996,-1.438235294117647,15.286605636793524,36.73711107922884,13998.076851836906,-0.30000000000000004,48.16432427740709,PM_022,c18,half_profile,2,21,0.4659090909090909,0
130.99008759998122,48.78342123981156,179.77350883979278,174.4184585505231,144.89468529110843,33.59680122936953,0.6886930103613067,12.375412424921457,10.019298413099136,0.354198861302751,1.6,1.4,0.2,6.142857142857143,166.60168536297647,343.4506324668982,35310.235463763864,0.3333333333333333,62.287084505155406,1.0,0.9878085255622864,55.74631784282198,-51.57200308795606,2.333441399908679,-1.180735534403766,70.06916967614896,-67.9036794555135,-0.33452298158125515,-15.876685724629962,-18.157545271373905,-0.06194403728881426,-1.6666666666666665,-0.5333333333333334,-0.9000000000000001,4.5546218487394965,49.86698596508404,177.3181400051365,28794.423564146025,-0.13333333333333336,58.981499477898325,PM_022,c18,half_profile,2,22,0.6388888888888888,1
130.16057497495163,48.90779272302399,179.06836769797562,178.87326413109164,130.39419846307646,35.808482512767114,0.7321631281861101,6.628652607723739,6.559142267549183,0.21711863448351462,4.5,2.933333333333333,1.5666666666666667,1.8541666666666667,71.06002609450968,79.215613030768,3124.3176281582405,1.0333333333333334,19.361764156457127,1.0,0.9949387311935425,0.9021938703793069,-0.16534430433659963,0.7368495660427072,-0.19510356688397223,0.5990977762065484,-0.39260183887566313,0.01441430954515266,0.8661219051906031,1.4277684698889237,-0.015375935025029347,0.7999999999999998,0.833333333333333,-0.03333333333333344,0.548044217687075,21.365118646002088,10.205355557528435,116.27944857609646,0.16666666666666674,1.564242936832045,PM_029,c17,front,3,4,0.8461538461538461,0
150.03250815651612,29.938400070388553,179.97090822690467,178.7349056887934,132.53722675538148,36.216677050569785,1.2097064961861788,10.851561133479644,10.615782324885895,0.38110597941266455,4.166666666666667,1.4333333333333333,2.7333333333333334,0.5301204819277109,70.62151029512478,58.15844250963835,5267.6939637029145,0.43333333333333335,31.674203484605343,1.0,0.9949387311935425,20.774127051943793,-19.134736956972034,1.639390094971759,-0.33346200918222735,2.742126068511567,0.015592698927008541,0.49195767754522135,5.089030430946508,5.484408527225636,0.14861140990412058,0.4666666666666668,-0.6666666666666667,1.1333333333333333,-0.7760019670518808,20.926602846617186,-10.851814963601214,2259.6557841207705,-0.43333333333333335,13.87668226498026,PM_029,c17,front,3,6,0.72,1
139.4121933974227,40.35008239746088,178.7349056887934,179.76227579488358,167.25875517609808,12.602251787722366,0.31232282659515437,8.37234962347781,8.348722472335341,0.6889618199108989,2.7,1.8,0.9,1.9642857142857142,69.50513170911108,75.29767717633916,5398.796665911292,0.7333333333333333,39.12463504411437,1.0,0.9949387311935425,10.153812292850375,-8.723054629899707,0.4033875568604799,0.6939080969079612,37.46365448922816,-23.59883256392041,-0.40542599204580304,2.609818920944674,3.2173486746750815,0.4564672504023549,-1.0,-0.30000000000000004,-0.7000000000000001,0.6581632653061225,19.81022426060349,6.2874197030996015,2390.7584863291477,-0.13333333333333341,21.327113824489288,PM_029,c17,front,3,7,0.675,1
114.80070069548356,64.75888547030354,179.5595861657871,179.47945684788004,144.24330192004427,35.72374906994045,0.5516424319303994,6.758914115625017,1.2294764090410026,0.6503227683372819,2.7,1.5,1.2,1.2432432432432432,92.14160572398796,93.18550803444566,18070.26937967898,0.16666666666666666,57.37900384680012,1.0,0.9949387311935425,-14.457680409088766,15.685748442942952,1.2280680338541856,0.41108914990442713,14.448201233174359,-0.47733528170232375,-0.166106386710558,0.9963834130918814,-3.9018973886192567,0.4178281988287379,-1.0,-0.6000000000000001,-0.40000000000000013,-0.06287920573634853,42.44669827548037,24.1752505612061,15062.231200096834,-0.7000000000000001,39.581482627175035,PM_029,c17,front,3,8,0.7431192660550459,1
120.09752136494674,59.46254370222866,179.47945684788004,179.5600650671754,149.7053583318535,30.150305942023437,0.5070470259901344,7.293670716223769,4.814935174339254,0.6613263126575577,3.5,2.433333333333333,1.0666666666666667,2.242424242424242,104.98827451235314,90.83997453962013,6951.91695556207,0.2,45.89943235983574,1.0,0.9949387311935425,-9.160859739625579,10.38940667486807,1.1479387159471344,0.4916973691997839,19.910257644983574,-6.05077840961934,-0.210701792650823,1.5311400136906332,-0.31643862332100525,0.42883174314901373,-0.20000000000000018,0.33333333333333304,-0.5333333333333334,0.9363017934446505,55.29336706384555,21.829717066380567,3943.878775979926,-0.6666666666666667,28.10191114021066,PM_029,c17,front,3,9,0.7142857142857143,1
113.28813181295007,66.27193325422533,179.5600650671754,179.46011425199939,134.75450814647576,44.47547331310443,0.6711057174459112,9.696066422895939,2.788702681467127,0.6717872550283666,3.7666666666666666,2.2,1.5666666666666667,1.3958333333333333,136.7871440540658,181.11119357022375,29768.726587642243,0.13333333333333333,61.52561775636872,1.0,0.9949387311935425,-15.970249291622252,17.198796226864744,1.2285469352424911,0.39174655402376857,4.959407459605842,8.274388961461653,-0.04664310119504622,3.933535720362803,-2.3426711161931326,0.4392926855198226,0.06666666666666643,0.10000000000000009,-0.03333333333333344,0.08971088435374153,87.09223660555821,112.10093609698419,26760.688408060098,-0.7333333333333334,43.728096536743635,PM_029,c17,front,3,10,0.6548672566371682,1
106.26557727499943,73.34522630435555,176.89918471827627,179.61080357935498,112.79467905548212,66.35647259336521,0.9047142661747393,13.784110853682328,12.92412026723224,0.23113290410795223,3.933333333333333,2.566666666666667,1.3666666666666667,1.8571428571428572,76.05214502904346,81.61748712712978,5587.921313769428,0.8666666666666667,22.657352563106627,1.0,0.9949387311935425,-22.992803829572892,24.27208927699496,-1.432333413656636,0.5424358813793617,-17.000421631387795,30.155388241722434,0.18696544753378186,8.021580151149193,7.792746469571981,-0.0013616654005917384,0.23333333333333295,0.4666666666666668,-0.2333333333333334,0.5510204081632655,26.357237580535866,12.607229653890215,2579.8831341872838,0.0,4.859831343481545,PM_029,c17,half_profile,3,12,0.9098360655737705,0
102.7195407157335,76.89126286362148,179.61080357935498,177.62900890003527,110.52218793068081,68.85220918201256,0.8954490616720989,14.493478931905884,14.435771178373507,0.24681687742084615,4.2,2.6666666666666665,1.5333333333333334,1.7234042553191489,73.94880418653543,79.35083562677534,5737.673712355094,0.5666666666666667,22.08910260881693,1.0,0.9949387311935425,-26.53884038883882,27.81812583626089,1.279285447422069,-1.4393587979403435,-19.2729127561891,32.65112483036978,0.1777002430311415,8.730948229372748,9.304397380713247,0.014322307912302185,0.5,0.5666666666666664,-0.06666666666666665,0.41728180633955714,24.253896738027834,10.340578153535773,2729.63553277295,-0.30000000000000004,4.2915813891918475,PM_029,c17,half_profile,3,13,0.8682170542635659,0
104.52536070192001,73.10364819811527,177.62900890003527,176.1263660909807,112.8471872569161,66.39018877037668,0.9081651929388708,12.350687415052786,12.146078662954867,0.21307560943421833,4.133333333333334,2.1333333333333333,2.0,1.0655737704918034,64.60278994077214,77.75648538168369,4749.715972146075,0.7,24.970519953475858,1.0,0.9949387311935425,-24.733020402652315,24.03051117075468,-0.7025092318976363,-2.9420016069949213,-16.947913429953815,30.189104418733905,0.19041637429791336,6.58815671251965,7.014704865294608,-0.019418960074325642,0.43333333333333357,0.033333333333333215,0.3999999999999999,-0.24054867848778838,14.907882492264548,8.746227908444126,1741.6777925639308,-0.16666666666666674,7.1729987338507755,PM_029,c17,half_profile,3,14,0.9193548387096774,0
93.19562992905112,86.61876552961597,176.1263660909807,179.8143954586671,101.21019147071989,78.3665173022777,0.9047290944764534,12.30588752366762,12.30588752366762,0.24789824972162997,4.0,2.0,2.0,1.0,86.75101936637645,95.94050023462898,6330.720329421032,0.36666666666666664,18.224554879324742,1.0,0.9949387311935425,-36.0627511755212,37.54562850225538,-2.205152040952214,0.7460277606914758,-28.584909216150024,42.16543295063492,0.18698027583549603,6.543356821134484,7.17451372600736,0.015403680213085996,0.2999999999999998,-0.10000000000000009,0.3999999999999999,-0.30612244897959173,37.05611191786886,26.930242761389422,3322.682149838888,-0.5,0.42703365969966,PM_029,c17,half_profile,3,15,0.832,0
79.17508525765808,100.63931020100901,179.8143954586671,179.17655429592355,107.43036668125154,71.37220301772598,0.7091881181933062,13.697846978257726,13.544409219320698,0.4621556474790938,6.433333333333334,4.833333333333333,1.6,2.979591836734694,112.16251125583369,154.6776273653103,10194.556777896309,0.3,8.889058860349436,1.0,0.9949387311935425,-50.08329584691424,51.56617317364842,1.482877326734183,0.10818659794793462,-22.364734005618374,35.1711186660832,-0.008560700447651226,7.93531627572459,8.413035421660439,0.22966107797054985,2.7333333333333334,2.733333333333333,0.0,1.6734693877551023,62.4676038073261,85.66736989207072,7186.518598314165,-0.5666666666666667,-8.908462359275646,PM_029,c17,half_profile,3,16,0.5440414507772021,1
83.07688339035221,96.09967090557134,179.17655429592355,178.3042523933177,103.58084202225575,74.83401657698982,0.7787125166174877,17.946069081624323,16.841655644503483,0.43007830288503013,3.1,1.8333333333333333,1.2666666666666666,1.435897435897436,103.31531078784508,164.51856439763816,14467.90485322452,0.4,14.42772502816598,1.0,0.9949387311935425,-46.181497714220114,47.026533878210756,0.8450361639906419,-0.7641153046579063,-26.214258664614164,38.63293222534705,0.06096369797653034,12.183538379091187,11.710281846843223,0.19758373337648616,-0.6000000000000001,-0.26666666666666683,-0.3333333333333335,0.12977498691784417,53.620403339337486,95.5083069243986,11459.866673642377,-0.4666666666666667,-3.369796191459102,PM_029,c17,half_profile,3,17,0.8942307692307693,1
73.68773588370442,104.61651650961329,178.3042523933177,174.9695418717023,83.78370230538494,94.98919902322598,0.9079751667557899,27.78527866710312,23.195094021883847,0.5194154797178319,3.6,2.066666666666667,1.5333333333333334,1.3404255319148937,127.3370361328125,183.50338725300546,17825.97110174733,0.3333333333333333,13.296132124863654,1.0,0.9949387311935425,-55.5706452208679,55.5433794822527,-0.027265738615199098,-4.098825826273327,-46.01139838148498,58.7881146715832,0.19022634811483252,22.022747964569987,18.063720224223587,0.2869209102092879,-0.10000000000000009,-0.033333333333333215,-0.06666666666666665,0.03430308293530193,77.64212868430491,114.4931297797659,14817.932922165186,-0.5333333333333334,-4.501389094761429,PM_029,c17,half_profile,3,18,0.8389830508474576,1
88.42681280359034,91.03303808567313,174.9695418717023,179.45985088926346,87.97171846199849,91.92129470362794,1.0097575192109798,33.43175282003555,33.212725082001086,0.37099661507131687,3.3333333333333335,2.1333333333333333,1.2,1.7567567567567568,119.36378578086902,154.9035159024328,23096.356947580458,0.3,5.806536885050988,1.0,0.9949387311935425,-40.831568300981985,41.95990105831254,-3.3619762602306196,0.3914831912878469,-41.82338222487142,55.72021035198516,0.2920087005700224,27.669222117502414,28.081351284340826,0.1385020455627729,-0.3666666666666667,0.033333333333333215,-0.40000000000000013,0.45063430777716507,69.66887833236143,85.89325842919322,20088.318767998313,-0.5666666666666667,-11.990984334574094,PM_029,c17,half_profile,3,19,0.8090909090909091,1
106.01620427251363,73.44364661674983,179.45985088926346,167.0811706807188,86.99606765813112,92.32423110235294,1.2570758037673082,46.916806968259536,46.6837256790755,0.3850984846874744,3.033333333333333,2.2333333333333334,0.8,2.72,123.96628738997777,176.60066183511248,21257.243855459612,0.6,6.416726545854047,1.0,0.9949387311935425,-23.24217683205869,24.370509589389243,1.1283327573305542,-11.987197017256818,-42.79903302873879,56.12314675071016,0.5393269851263508,41.1542762657264,41.55235188141524,0.1526039151789304,-0.666666666666667,0.1333333333333333,-0.8,1.4138775510204085,74.27137994147017,107.59040436187291,18249.205675877467,-0.2666666666666667,-11.380794673771035,PM_029,c17,half_profile,3,20,0.8681318681318682,1
72.58242173628364,97.59082424279401,170.17324597907765,167.22540811646013,89.17861106178964,87.61483341894098,0.8977773689149915,17.55891911395182,17.482611222700616,0.29881654982958994,4.3,2.566666666666667,1.7333333333333334,1.471698113207547,81.23141499308787,84.31789051402689,5652.595377278507,0.7,2.032616817589968,1.0,0.9846253991127014,-0.6502097323859459,-0.4969038860106423,-1.1471136183965882,-3.752849232066751,0.6308169674563544,-2.740325663512891,-0.03049688218969626,-1.4272630864923634,-1.4500478439000766,-0.00286942526891637,-0.10000000000000053,-0.16666666666666652,0.03333333333333344,-0.1557528671846098,-0.3881964745457367,-29.714827104047856,203.2896171416296,0.06666666666666665,0.0813618779698686,PM_029,c18,side,3,4,0.9545454545454546,0
71.0367642357235,104.84330478684711,167.22540811646013,175.8800690225706,87.78157720524499,91.94825444076989,0.877006449078521,16.640498702144185,16.340036433496493,0.3412700330282182,5.4,2.6333333333333333,2.7666666666666666,0.9523809523809523,72.07572045264357,103.1193007432023,4585.929194463755,0.6,2.266893857485286,1.0,0.9846253991127014,-2.1958672329460853,6.755576658042457,-4.094951481014107,4.901811674043728,-0.7662168890882981,1.5930953583160203,-0.051267802026166764,-2.345683498299998,-2.592622633104199,0.03958405792971187,1.0,-0.10000000000000009,1.0666666666666667,-0.6750700280112045,-9.543891014990038,-10.91341687487244,-863.3765656731221,-0.033333333333333326,0.3156389178651864,PM_029,c18,side,3,5,0.7962962962962963,0
60.21140604720995,113.88760737629667,174.09901342350662,170.0598036200451,65.18995091822232,114.19301846326671,1.0026816884997938,40.7205391260452,40.63809048871452,0.39676066446097846,4.333333333333333,2.7,1.6333333333333333,1.64,86.6436460420681,145.7229029667846,4293.558785191598,0.5333333333333333,6.889457719150542,1.0,0.9846253991127014,-13.021225421459633,15.799879247492015,2.7786538260323823,-0.9184537284817793,-23.35784317611096,23.837859380812844,0.07440743739510602,21.73435692560102,21.705431422113826,0.09507468936247215,-0.06666666666666732,-0.033333333333333215,-0.06666666666666665,0.012549019607843048,5.024034574434495,31.69018534870986,-1155.7469749452794,-0.09999999999999998,4.938202779530442,PM_029,c18,side,3,7,0.8382352941176471,1
56.7692610670477,114.71005534712873,170.0598036200451,171.47931641417642,54.84197423365201,123.98857440370485,1.0808867106593054,49.56334189212677,49.48676438765085,0.3650789722735743,3.8666666666666667,2.1333333333333333,1.7333333333333334,1.2264150943396226,88.3833897578252,133.10369020932683,5306.647559390926,0.4,5.614252313390949,1.0,0.9846253991127014,-16.46337040162188,16.622327218324074,-1.260555977429135,0.5010590656495424,-33.705819860681274,33.63341532125098,0.15261245955461766,30.57715969168259,30.55410532105016,0.06339299717506797,-0.5333333333333337,-0.6000000000000001,0.03333333333333344,-0.40103588605253426,6.7637782901915955,19.070972591252087,-142.65820074595104,-0.23333333333333328,3.6629973737708497,PM_029,c18,side,3,8,0.9396551724137931,1
63.520891263887385,107.95842515028903,171.47931641417642,169.37858363560244,63.68811269652784,115.14243594082902,1.066544234787967,46.022846585228265,45.555180685860705,0.4064544212250477,3.3333333333333335,1.8666666666666667,1.4666666666666666,1.2666666666666666,103.3047515076467,147.55725612887971,6956.3762459103145,0.4666666666666667,5.667990019827165,1.0,0.9846253991127014,-9.711740204782195,9.870697021484375,0.15895681670218664,-1.5996737129244423,-24.859681397805446,24.78727685837515,0.13826998368327925,27.036664384784082,26.622521619260013,0.1047684461265414,-1.0666666666666669,-0.8666666666666667,-0.2333333333333334,-0.36078431372549025,21.685140040013096,33.52453851080497,1507.0704857734372,-0.16666666666666663,3.7167350802070658,PM_029,c18,side,3,9,0.99,1
66.55613104089505,113.20023610168707,169.37858363560244,179.75636714258212,70.11464149508114,109.47366792092575,0.9670798550507106,40.73662008970841,40.73662008970841,0.38019279497010317,3.933333333333333,1.5,2.433333333333333,0.6216216216216216,125.51703316824728,202.62858898608613,9534.80278049081,0.43333333333333335,4.570525462493222,1.0,0.9846253991127014,-6.676500427774528,15.112507972882412,-1.941775961871798,8.77810979405524,-18.43315259925214,19.118508838471882,0.03880560394602284,21.750437889264226,21.803961023107718,0.07850681987159686,-0.46666666666666723,-1.2333333333333334,0.7333333333333332,-1.0058293587705354,43.89742170061368,88.59587136801139,4085.4970203539333,-0.19999999999999996,2.619270522873123,PM_029,c18,side,3,10,0.6271186440677966,1
124.9903539352085,54.62683376295732,177.53648640686276,179.61718769816582,142.621344099829,36.43278265618653,0.6669393070497114,6.356313812784293,1.7283646281147391,0.10505507960593016,4.2,2.3666666666666667,1.8333333333333333,1.2857142857142858,65.9749474463527,71.67367117745556,4498.31609052715,0.5666666666666667,36.83304143468018,1.0,0.9846253991127014,51.75772246653892,-43.46089436584734,6.216126809388527,8.63893034963894,54.07355000549572,-53.922376426267334,-0.26133494405497637,-12.62986838765989,-17.204294438485952,-0.19663089549257615,-0.20000000000000018,-0.3666666666666667,0.1333333333333333,-0.34173669467787104,-15.644664021280903,-42.35904644061918,-950.9896696097276,-0.06666666666666665,34.881786495060084,PM_029,c18,half_profile,3,12,0.9126984126984127,0
126.93250905486912,52.68467864329671,179.61718769816582,176.3860433339038,147.2585513292451,32.13663168903031,0.6099805961921567,5.627093575217499,2.394674834750944,0.14449218812184914,3.933333333333333,2.3333333333333335,1.6,1.4489795918367347,61.23842908190426,73.37292361569155,4295.77530848078,0.8,42.11477872509971,1.0,0.9846253991127014,53.699877586199534,-45.40304948550795,8.296828100691584,5.407785985376933,58.710757234911824,-58.21852739342356,-0.31829365491253103,-13.359088625226684,-16.537984231849748,-0.15719378697665717,-0.46666666666666723,-0.3999999999999999,-0.09999999999999987,-0.1784713885554221,-20.381182385729346,-40.659794002383194,-1153.5304516560973,0.16666666666666674,40.16352378547961,PM_029,c18,half_profile,3,13,0.957983193277311,0
121.6072010519183,54.83147671521995,176.3860433339038,176.43867776713824,138.6171760063665,40.318350721747265,0.735313968127286,3.9560764444854817,3.633509683402581,0.11257838893246325,4.033333333333333,2.033333333333333,2.0,1.0163934426229508,63.904866800679656,76.67257730062914,5463.929280598797,0.5,37.81253550475806,1.0,0.9846253991127014,48.374569583248714,-43.25625141358471,5.065683736429577,5.460420418611363,50.06938191203321,-50.0368083607066,-0.19296028297740175,-15.0301057559587,-15.299149383198111,-0.18910758616604306,-0.36666666666666714,-0.7000000000000002,0.30000000000000004,-0.611057537769206,-17.714744666953948,-37.3601403174456,14.623520461919725,-0.1333333333333333,35.86128056513796,PM_029,c18,half_profile,3,14,0.9421487603305785,0
103.48716920794848,76.24705327021601,176.43867776713824,179.7342224781645,124.77691855162237,54.231263396027714,0.7112571708684221,6.735244748912323,3.3923244362785656,0.20507794779874516,4.1,1.8333333333333333,2.2666666666666666,0.8115942028985508,96.30040750875082,78.45272906414891,6716.904480748718,0.36666666666666664,22.46223733745093,1.0,0.9846253991127014,30.254537739278902,-21.840674858588642,5.118318169664008,8.755965129637616,36.22912445728909,-36.12389568642615,-0.21701708023626565,-12.250937451531861,-15.540334630322127,-0.09660802729976115,-0.3000000000000007,-0.9000000000000001,0.5666666666666667,-0.8158567774936061,14.680796041117219,-35.57998855392583,1267.5987206118407,-0.26666666666666666,20.51098239783083,PM_029,c18,half_profile,3,15,0.8267716535433071,0
96.8445749654397,82.88964751272479,179.7342224781645,178.6537934670714,134.82075949664738,44.50801515785639,0.5369550540195475,9.479659134175341,4.791082501927489,0.46123143991866605,6.166666666666667,4.8,1.3666666666666667,3.4523809523809526,70.61627177449012,108.47431133319816,4138.701294968515,0.5333333333333333,3.6555470057896287,1.0,0.9846253991127014,23.611943496770124,-15.198080616079864,8.41386288069026,7.675536118544528,46.2729654023141,-45.847143924597475,-0.3913191970851403,-9.506523066268842,-14.141576564673203,0.15954546482015974,1.7666666666666666,2.0666666666666664,-0.33333333333333326,1.8249299719887957,-11.003339693143488,-5.5584062848765825,-1310.6044651683624,-0.09999999999999998,1.704292066169529,PM_029,c18,half_profile,3,16,0.5508021390374331,1
92.3890503061797,86.9977040476612,178.6537934670714,179.3867543538409,131.38662349816505,48.01072983514689,0.5518620331502597,8.733127170826954,8.626657717155677,0.5610306172659895,3.5,2.066666666666667,1.4333333333333333,1.4318181818181819,82.39044189453097,112.65770850243655,5705.3890310271845,0.43333333333333335,1.1561821941689487,1.0,0.9846253991127014,19.156418837510117,-11.090024081143454,7.333433869597172,8.408497005314018,42.83882940383177,-42.34442924730698,-0.37641221795442803,-10.25305502961723,-10.306001349445015,0.25934464216748315,-0.9000000000000004,-0.6666666666666665,-0.2666666666666666,-0.19563279857397498,0.770830426897362,-1.3750091156381927,256.0832708903072,-0.19999999999999996,-0.7950727454511508,PM_029,c18,half_profile,3,17,0.9532710280373832,1
95.40460139022748,83.98215296361342,179.3867543538409,175.6261640276225,128.25601579410156,51.15360963499384,0.6091009557370712,11.995963889283003,10.039734935347639,0.4888696044812464,3.6,1.9,1.7,1.1153846153846154,108.42998157848015,89.73373115836765,5694.013105486957,0.4666666666666667,9.162616184779566,1.0,0.9846253991127014,22.171969921557903,-14.10557516519124,8.066394756366662,4.647906679095627,39.70822169976827,-39.201549447460025,-0.3191732953676165,-6.990218311161181,-8.892924131253054,0.18718362938274008,-0.8000000000000003,-0.8333333333333335,0.0,-0.5120663650075414,26.81037011084655,-24.298986459707095,244.70734535007978,-0.16666666666666663,7.211361245159466,PM_029,c18,half_profile,3,18,0.9375,1
106.4240373883927,73.07179735852516,175.6261640276225,179.49583474691786,123.8966094178037,55.12598799007789,0.754408540405862,17.330992942248564,17.190547133937002,0.36912480112794105,3.2333333333333334,1.9,1.3333333333333333,1.4146341463414633,85.71820543958026,120.7525624857314,5396.81200313339,0.5,7.687219231675684,1.0,0.9846253991127014,33.191405919723124,-25.015930770279496,4.305804430148271,8.517577398390983,35.34881532347042,-35.22917109237598,-0.17386571069882573,-1.6551892581956196,-1.7421119326636898,0.06743882602943474,-1.166666666666667,-0.8333333333333335,-0.3666666666666667,-0.21281683405069352,4.098593971946656,6.719844867656661,-52.49375700348719,-0.1333333333333333,5.735964292055584,PM_029,c18,half_profile,3,19,0.8846153846153846,1
123.78790818251555,55.707926564402314,179.49583474691786,175.14818648961693,128.0937189539788,51.01511340120646,0.9157604051593874,24.654561790036915,23.263139320142308,0.35524615774422963,2.8666666666666667,2.1,0.7666666666666667,2.6666666666666665,74.83198091581272,182.66182441216017,7215.199497226593,0.5,0.21221477954416912,1.0,0.9846253991127014,50.55527671384597,-42.37980156440234,8.175475149443628,4.169929141090051,39.54592485964551,-39.3400456812474,-0.012513845945300361,5.668379589592732,4.330480253541616,0.05356018264572332,-1.5333333333333337,-0.6333333333333333,-0.9333333333333332,1.0392156862745097,-6.787630551820882,68.62910679408543,1765.8937370897156,-0.1333333333333333,-1.7390401600759304,PM_029,c18,half_profile,3,20,0.896551724137931,1
145.97959450725847,32.64242078112315,178.62201528838162,178.23108147955537,141.73424883425474,23.632978365018744,0.7239958863187471,5.962025037575586,5.315768332708442,0.355158308367708,2.466666666666667,1.1333333333333333,1.3333333333333333,0.8536585365853658,54.74334914962981,55.42062338296461,2675.319503104625,0.43333333333333335,18.546578675637477,1.0,0.9973130822181702,-8.634832605139025,7.680093872598775,-0.9016812807553833,-1.1110066335438376,-7.338169973133944,6.165473046240862,0.024241196670286902,-0.4206203857025539,-0.04241622371590914,-0.001344302773991779,-0.3666666666666667,-0.19999999999999996,-0.2333333333333334,-0.021341463414634165,8.453103598062057,15.988032353388633,-29.734064691524054,-0.3666666666666667,-9.39096151905143,PM_038,c17,front,4,4,0.9367088607594937,0
153.36775636879375,26.62485355525817,178.23108147955537,179.99260992405192,145.35494843189832,21.485246534471344,0.8069620548289627,7.683230092515151,7.367659822686916,0.37821921809411096,5.566666666666666,1.5333333333333334,4.033333333333333,0.38524590163934425,35.745391845703125,40.04472212357996,1775.6038603892412,0.5333333333333333,16.949098793459115,1.0,0.9973130822181702,-1.2466707436037439,1.6625266467337951,-1.2926150895816306,0.6505218109527107,-3.7174703754903646,4.017741215693462,0.10720736518050245,1.3005846692370113,2.009475266262564,0.021716606952411177,2.733333333333333,0.20000000000000018,2.466666666666667,-0.48975409836065575,-10.544853705864625,0.6121310940039848,-929.4497074069077,-0.2666666666666667,-10.988441401229792,PM_038,c17,front,4,5,0.47305389221556887,0
115.42349431421835,64.56911560983357,179.99260992405192,179.49632302816786,112.6949156063458,52.604406150388456,0.8146991894430881,9.073377605124456,8.87118934449694,0.3861441140051007,3.8666666666666667,2.7666666666666666,1.1,2.4705882352941178,76.85743653929052,103.17557495909853,4061.9880574800018,0.36666666666666664,4.050181103991235,1.0,0.9973130822181702,-39.19093279817915,39.6067887013092,0.4689133549149176,0.15423491506865616,-36.377503201042884,35.136900831610575,0.11494449979462784,2.6907321818463164,3.513004788072589,0.029641502863400893,1.0333333333333332,1.4333333333333333,-0.46666666666666656,1.5955882352941178,30.567190987722768,63.74298392952255,1356.934489683853,-0.4333333333333334,-23.88735909069767,PM_038,c17,front,4,6,0.8046875,0
98.28171423709742,81.21460879107045,179.49632302816786,178.77318166757533,96.5047493476371,68.93902280733172,0.8488500262887627,10.130940664382194,10.025680769057487,0.36584136741501894,3.6666666666666665,2.1,1.5666666666666667,1.3333333333333333,108.03164890834253,138.57600521731712,4719.539307751617,0.3,8.081848540863433,1.0,0.9973130822181702,-56.332712875300075,56.25228188254607,-0.02737354096913691,-0.5689064455238793,-52.567669459751585,51.47151748855384,0.1490953366403025,3.7482952411040547,4.667496212633136,0.009338756273319149,0.833333333333333,0.7666666666666668,0.0,0.45833333333333326,61.74140335677478,99.14341418774114,2014.4857399554685,-0.5,-19.855691653825474,PM_038,c17,front,4,7,0.8545454545454545,0
98.24506199824332,81.07182315314476,178.77318166757533,179.31688515138808,92.06681701528032,73.74241674514036,0.9095936649388142,11.894349453253131,11.515083515282818,0.3826092155206766,3.466666666666667,1.6666666666666667,1.8,0.9272727272727272,120.20874915184848,128.43282328023506,5364.453245427313,0.23333333333333334,9.295269788601686,1.0,0.9973130822181702,-56.36936511415418,56.10949624462039,-0.7505149015616723,-0.025202961711130456,-57.005601792108365,56.27491142636248,0.209838975290354,5.511704029974991,6.156898958858466,0.026106604378976828,0.6333333333333333,0.3333333333333335,0.2333333333333334,0.05227272727272725,73.91850360028073,89.00023225065908,2659.399677631164,-0.5666666666666667,-18.64227040608722,PM_038,c17,front,4,8,0.9150943396226415,0
83.41799824371986,95.89888690766821,179.31688515138808,179.12104903051838,81.21929323931266,86.03216414018098,0.8971132712208959,11.575424693879611,11.52519038229276,0.3833115800118544,2.6,1.3,1.3,1.0,133.70430686257038,164.5746275666471,8714.034328638196,0.26666666666666666,3.6168071862422977,1.0,0.9973130822181702,-71.19642886867763,70.93655999914384,-0.20681141774892353,-0.22103908258083038,-67.85312556807602,68.5646588214031,0.1973585815724357,5.192779270601472,6.167005825868408,0.026808968870154604,-0.2333333333333334,-0.033333333333333215,-0.2666666666666666,0.125,87.41406131100263,125.14203653707114,6008.980760842047,-0.5333333333333334,-24.32073300844661,PM_038,c17,front,4,9,0.8764044943820225,0
106.4653264825993,73.3276533647016,179.12104903051838,179.7929798473009,97.18512303075735,75.4345831602682,1.0287330863444872,13.001801660050543,8.310041923027523,0.347856174041698,3.5,2.033333333333333,1.4666666666666666,1.3777777777777778,165.17931554224532,203.1248503846001,10773.081462580973,0.16666666666666666,5.243447473038856,1.0,0.9973130822181702,-48.1491006297982,48.36532645617723,-0.40264753861862346,0.45089173420169004,-51.88729577663133,57.96707784149032,0.328978396696027,6.619156236772403,2.9518573666031713,-0.008646437100001791,0.6666666666666665,0.7,-0.10000000000000009,0.5027777777777778,118.88906999067757,163.69225935502413,8068.027894784824,-0.6333333333333334,-22.69409272165005,PM_038,c17,front,4,10,0.8476190476190476,0
98.1693292262749,76.02738734654005,174.19671657281495,171.57156768402473,81.07239258340931,98.42727284617226,1.2946291630084747,31.23635738752617,31.111148190188672,0.2003937272024358,3.8,2.5,1.3,1.9,105.33759476302464,136.11118168025826,7320.595243179617,0.3,4.793578407981187,1.0,0.9973130822181702,-56.445097886122596,51.06506043801568,-5.326979996322052,-7.77052042907448,-68.00002622397938,80.95976752739438,0.5948744733600145,24.853711964248028,25.75296363376432,-0.15610888393926398,0.9666666666666663,1.1666666666666667,-0.2666666666666666,1.025,59.04734921145689,96.67859065068228,4615.541675383468,-0.5,-23.14396178670772,PM_038,c17,half_profile,4,11,0.6140350877192983,0
93.06439136323462,80.04494083288932,171.57156768402473,173.10933219612394,80.90056114692182,97.23333664270693,1.214734318383744,26.64455285010396,26.178130401677347,0.17429204194834713,3.2,2.1666666666666665,1.0333333333333334,2.0625,140.61206569919307,163.0745112431515,12860.80661525845,0.23333333333333334,4.54499658361658,1.0,0.9973130822181702,-61.55003574916287,55.08261392436495,-7.952128885112273,-6.232755916975265,-68.17185766046687,79.76583132392905,0.5149796287352838,20.26190742682582,20.819945845252995,-0.18221056919335266,0.3666666666666667,0.8333333333333333,-0.5333333333333332,1.1875,94.32182014762532,123.64192021357553,10155.753047462302,-0.5666666666666667,-23.392543611072327,PM_038,c17,half_profile,4,12,0.6428571428571429,0
84.96266283307745,88.1466693630465,173.10933219612394,170.390796215503,73.364838505204,105.97897021801427,1.2023026052354004,25.97781102069009,25.92298507690426,0.13793796894354202,3.1,1.6333333333333333,1.4666666666666666,1.1111111111111112,106.18238672033513,154.62741505015927,13616.942941368801,0.26666666666666666,3.820704901889286,1.0,0.9973130822181702,-69.65176427932005,63.184342454522124,-6.414364373013058,-8.951291897596207,-75.70758030218468,88.51146489923639,0.5025479155869402,19.59516559741195,20.56480052047991,-0.21856464219815777,0.2666666666666666,0.30000000000000004,-0.10000000000000009,0.23611111111111116,59.89214116876738,115.1948240205833,10911.889373572652,-0.5333333333333334,-24.11683529279962,PM_038,c17,half_profile,4,13,0.956989247311828,0
99.19587383848236,71.19492237702065,170.390796215503,168.08346181101592,95.7554316334909,83.41628437124791,1.1716605845780361,22.141787425780166,21.85954284667966,0.13540929642977634,3.1,1.3666666666666667,1.7333333333333334,0.7924528301886793,95.84369907131432,122.55483553007068,8124.46725820376,0.3,12.724204257453152,1.0,0.9973130822181702,-55.41855327391514,46.23259546849627,-9.132900353634,-11.258626302083286,-53.316987173897786,65.94877905247003,0.4719058949295759,15.759142002502026,16.501358290255308,-0.22109331471192345,0.2666666666666666,0.03333333333333344,0.16666666666666674,-0.08254716981132071,49.55345351974657,83.1222445004947,5419.413690407611,-0.5,-15.213335937235755,PM_038,c17,half_profile,4,14,0.8494623655913979,0
85.64663266929186,94.35939567532877,168.08346181101592,180.00602834462063,75.21840928643286,103.65644268349638,1.0985280473833983,26.60722199146878,26.205911702407867,0.23607212182505274,2.8666666666666667,1.3333333333333333,1.5333333333333334,0.8723404255319149,117.94050835943821,164.36112242859664,10390.428159398323,0.3,2.7753105328712735,1.0,0.9973130822181702,-68.96779444310563,69.3970687668044,-11.440234758121079,0.6639402315214227,-73.85400952095583,86.1889373647185,0.39877335773493805,20.224576568190642,20.847727145983516,-0.12043048931664704,0.033333333333333215,0.0,-0.033333333333333215,-0.0026595744680850686,71.65026280787046,124.92853139902067,7685.374591602174,-0.5,-25.162229661817634,PM_038,c17,half_profile,4,15,0.9302325581395349,0
63.15245677072756,116.85357157389308,180.00602834462063,179.94539117193818,46.04463757271368,133.4925420851933,1.142391629859413,45.85018204197733,45.211086884205415,0.30848570116412544,4.6,3.1666666666666665,1.4333333333333333,2.1818181818181817,153.5985049953706,215.15815586238716,15217.419128918928,0.3333333333333333,1.0325112941461256,1.0,0.9973130822181702,-91.46197034166994,91.8912446653687,0.4823317754836296,0.603303058838975,-103.027781234675,116.02503676641541,0.4426369402109528,39.467536618699185,39.85290232778107,-0.04801690997757435,1.7666666666666662,1.8333333333333333,-0.1333333333333333,1.3068181818181817,107.30825944380285,175.7255648328112,12512.365561122779,-0.46666666666666673,-26.90502890054278,PM_038,c17,half_profile,4,16,0.7028985507246377,0
53.76180848621179,126.18358268572639,179.94539117193818,179.78260063402556,42.052500274790255,137.23766052774516,1.087603138274732,46.35982645538456,46.09821246919171,0.3731512437651162,3.3333333333333335,1.8,1.5333333333333334,1.1702127659574468,214.70808648443779,178.8277772185083,18038.278811616558,0.26666666666666666,1.842904028954436,1.0,0.9973130822181702,-100.8526186261857,101.22125577720202,0.4216946028011819,0.4405125209263474,-107.01991853259844,119.77015520896728,0.38784844862627177,39.977181032106415,40.74002791276736,0.016648632623416426,0.5,0.4666666666666668,-0.033333333333333215,0.29521276595744683,168.41784093287004,139.3951861889323,15333.225243820409,-0.5333333333333334,-26.09463616573447,PM_038,c17,half_profile,4,17,0.9238095238095239,1
65.9144131879269,113.86818744609866,179.78260063402556,179.22175849154888,55.67798777988971,123.54717665833294,1.0850016973952097,33.82227455898792,33.55785118862659,0.22908086500642588,3.466666666666667,1.7,1.7666666666666666,0.9629629629629629,248.48905389959157,248.37440589805652,13068.56632005237,0.26666666666666666,6.972265400411757,1.0,0.9973130822181702,-88.7000139244706,88.90586053757428,0.25890406488855433,-0.12032962155032578,-93.39443102749897,106.07967133955506,0.38524700774674947,27.43962913570978,28.19966663220224,-0.1274217461352739,0.6333333333333333,0.3666666666666667,0.19999999999999996,0.08796296296296291,202.19880834802382,208.94181486848055,10363.512752256222,-0.5333333333333334,-20.96527479427715,PM_038,c17,half_profile,4,18,0.8207547169811321,1
48.41506954705038,131.40946329620476,179.22175849154888,179.82453284325513,44.87740905563547,134.50505804086643,1.0235568631589644,38.54523139392137,38.478556645380934,0.3929397185127451,3.3666666666666667,1.7,1.6666666666666667,1.0196078431372548,167.24728076488887,243.2055366813364,16116.454825072315,0.23333333333333334,3.6101684074897236,1.0,0.9973130822181702,-106.19935756534711,106.44713638768039,-0.30193807758811886,0.48244473015591893,-104.19500975175322,117.03755272208855,0.3238021735105042,32.16258597064323,33.120372088956586,0.03643710737104533,0.5333333333333332,0.3666666666666667,0.10000000000000009,0.14460784313725483,120.95703521332112,203.77294565176044,13411.401257276166,-0.5666666666666667,-24.327371787199183,PM_038,c17,half_profile,4,19,0.8148148148148148,1
55.69846448031331,124.12606836294182,179.82453284325513,177.72046915690078,34.53377970575766,144.94713201151245,1.167741264370755,41.811629175623715,41.759637345483235,0.22513341213459542,2.8666666666666667,1.4666666666666666,1.4,1.0465116279069768,251.1597809234219,303.0880167577169,17821.557385235596,0.3,4.917154518556792,1.0,0.9973130822181702,-98.91596263208419,99.16374145441745,0.30083627411812586,-1.6216189561984322,-114.53863910163102,127.47962669273457,0.46798657472229477,35.42898375234557,36.40145278905888,-0.13136919900710436,0.033333333333333215,0.1333333333333333,-0.16666666666666674,0.17151162790697683,204.86953537185414,263.6554257281409,15116.503817439447,-0.5,-23.020385676132115,PM_038,c17,half_profile,4,20,0.872093023255814,0
88.35578079553898,70.27957047631719,158.63535127185617,158.0687442135499,83.00004604058853,86.8445638020832,1.2357014024630113,33.60473930061633,33.38211796087615,0.2182328782943417,2.7333333333333334,1.3,1.4333333333333333,0.9090909090909091,99.51282352596195,86.5180889971846,4847.982460588408,0.4666666666666667,5.676334694866483,1.0,0.9937326908111572,-1.582189815901046,-4.047044597146851,-5.629234413047897,-0.5666070583062606,8.195759496647554,-2.848174322219137,0.037685185168438995,-4.96861169658181,-4.97955036576176,-0.08060840397944166,-0.2333333333333334,-0.30000000000000004,0.10000000000000009,-0.2860310421286031,13.803745616565948,-7.411877520672903,333.0545407538475,-0.033333333333333326,-1.0398649405607472,PM_038,c18,side,4,4,0.9634146341463414,0
92.66398785743866,81.83362483565415,158.0687442135499,174.4976126930928,82.48250632678264,97.39919571649449,1.1902099645726383,33.90118759947933,33.84977304367788,0.3485433656673922,5.9,1.3666666666666667,4.533333333333333,0.30656934306569344,102.75247648164793,95.83024359368665,3533.3160241121136,0.5666666666666667,8.049702499852032,1.0,0.9937326908111572,2.7260172459986336,7.507009762190108,-6.195841471354157,15.862261421236639,7.678219782841666,7.706457592192152,-0.007806252721934026,-4.672163397718812,-4.511895282960033,0.04970208339360882,2.9333333333333336,-0.2333333333333334,3.2,-0.8885526081538186,17.04339857225193,1.9002770758291376,-981.6118957224467,0.06666666666666665,1.3335028644248013,PM_038,c18,side,4,5,0.4301675977653631,0
72.10397470977905,105.69104803176138,174.4976126930928,177.79502274154044,63.492303328080524,111.0482830031092,1.0506876889870362,46.421469766856205,45.212030716272594,0.34610821467973407,3.6666666666666665,2.3333333333333335,1.3333333333333333,1.7317073170731707,112.77681028688079,148.03953988211504,7743.010962068947,0.43333333333333335,3.7310553216314872,1.0,0.9937326908111572,-17.83399590166097,31.364432958297343,10.233027008188742,19.15967146968427,-11.311983215860451,21.355544878806867,-0.14732852830753607,7.848118769658065,6.850362389634682,0.0472669324059507,0.6999999999999997,0.7333333333333334,0.0,0.5365853658536586,27.067732377484788,54.10957336425753,3228.083042234387,-0.06666666666666665,-2.985144313795743,PM_038,c18,side,4,6,0.9565217391304348,0
60.79958343505851,116.99543930648193,177.79502274154044,175.28828780269185,59.68976905129164,114.50263476681383,0.9786931477462302,42.91389357992059,41.13151979652828,0.3373757747860693,3.4,1.8666666666666667,1.5333333333333334,1.2127659574468086,106.01091954615299,145.19237369685953,5802.502746881581,0.4,0.18845819910883677,1.0,0.9937326908111572,-29.138387176381514,42.66882423301789,13.530437056636373,16.65293653083569,-15.114517492649334,24.80989664251149,-0.21932306954834213,4.340542582722449,2.7698514698903693,0.03853449251228591,0.4333333333333331,0.2666666666666666,0.20000000000000018,0.01764400622729645,20.30184163675699,51.262407179002025,1287.5748270470203,-0.09999999999999998,-6.527741436318394,PM_038,c18,side,4,7,0.9215686274509803,0
63.712021039161755,111.5762667635301,175.28828780269185,173.8727040476611,55.46784558647116,113.52767552957889,1.0174894609996632,50.209646959841436,48.970215834580394,0.3085705594066929,3.2666666666666666,1.7,1.5666666666666667,1.0833333333333333,135.42293003627236,104.22514085645787,5688.292310374314,0.36666666666666664,1.1129276886646835,1.0,0.9937326908111572,-26.225949572278267,37.24965169006606,11.023702117787792,15.237352775804936,-19.33644095746982,23.83493740527655,-0.1805267562949091,11.636295962643295,10.608547507942482,0.009729277132909553,0.2999999999999998,0.09999999999999987,0.2333333333333334,-0.11178861788617889,49.71385212687636,10.295174338600361,1173.364390539754,-0.13333333333333336,-5.603271946762547,PM_038,c18,side,4,8,0.98989898989899,0
61.707621834494766,112.79461301663204,173.8727040476611,174.50223485112681,52.81658773711226,108.05325228208056,0.9579646526749257,48.566271645682136,48.566271645682136,0.29807557584919414,3.066666666666667,1.6333333333333333,1.4333333333333333,1.1363636363636365,175.88425277115505,122.0657269366373,8735.16662586948,0.36666666666666664,1.4946514971844564,1.0,0.9937326908111572,-28.230348776945256,38.467997943168,9.60811836275704,15.866883579270649,-21.987698806828718,18.360514157778226,-0.2400515646196466,9.992920648483995,10.204603319044224,-0.0007657064245892298,0.10000000000000009,0.033333333333333215,0.10000000000000009,-0.05875831485587568,90.17517486175905,28.135760418779796,4220.23870603492,-0.13333333333333336,-5.221548138242774,PM_038,c18,side,4,9,0.967391304347826,0
62.13948746057808,117.40847230060776,174.50223485112681,179.54795976118584,48.73931896325307,130.38239425394937,1.1105024339310345,49.59915745722776,49.43735778280144,0.32944209364069443,4.033333333333333,1.8,2.2333333333333334,0.8088235294117647,122.10180109197381,157.2071362780281,7008.504581159503,0.3333333333333333,0.42967912748261483,1.0,0.9937326908111572,-27.79848315086194,43.081857227143715,10.237649166222752,20.91260848932967,-26.064967580687906,40.689656129647034,-0.08751378336353777,11.02580646002962,11.07568945616353,0.030600811366911063,1.0666666666666664,0.19999999999999996,0.9000000000000001,-0.3862984218077474,36.39272318257781,63.27716976017058,2493.5766613249425,-0.16666666666666669,-6.286520507944616,PM_038,c18,side,4,10,0.7213114754098361,0
109.47876290325462,65.68451670857212,175.16327961182674,171.86796886889942,109.21001655611624,70.32429081640194,1.070637257307007,20.504431431427633,20.504431431427633,0.15096362815661843,4.066666666666666,2.6666666666666665,1.4,1.8837209302325582,74.34572492327021,109.39165784166974,5223.401540118136,0.23333333333333334,5.838295478325364,1.0,0.9937326908111572,19.540792291814597,-8.642098364891922,10.898693926922675,13.232617597043259,34.40573001217527,-19.368447307900396,-0.1273789599875652,-18.068919565770507,-17.857236895210278,-0.14787765411716494,1.0999999999999996,1.0666666666666664,0.06666666666666665,0.688598979013046,-11.36335298612579,15.461691323812232,708.4736202835757,-0.26666666666666666,-0.8779041571018666,PM_038,c18,half_profile,4,11,0.5737704918032787,0
109.07929972859156,64.85787184413883,171.86796886889942,173.9371715727304,115.86977505374247,63.18824044760166,0.9742570739824845,17.908973784673755,17.8938587238262,0.1659026009179811,3.3,2.033333333333333,1.2666666666666666,1.5897435897435896,94.9284828483276,105.78249250139535,4278.638254233778,0.3,5.497622205065426,1.0,0.9937326908111572,19.141329117151543,-9.468743229325213,7.603383183995362,15.301820300874226,41.0654885098015,-26.50449767670068,-0.2237591433120878,-20.664377212524386,-20.467809602811712,-0.13293868135580228,0.33333333333333304,0.4333333333333331,-0.06666666666666665,0.3946216385240775,9.219404938931604,11.852525983537845,-236.28966560078243,-0.2,-1.2185774303618047,PM_038,c18,half_profile,4,12,0.6565656565656566,0
99.70219077898813,74.23498079374227,173.9371715727304,172.2601677700552,106.48668043128325,72.73211805335362,0.9797553293027141,18.36687612327144,18.36687612327144,0.1813306608499384,2.966666666666667,1.5666666666666667,1.4,1.1162790697674418,97.90875917905339,139.49768561821443,8313.559210275516,0.23333333333333334,3.973490430163096,1.0,0.9937326908111572,9.764220167548103,-0.09163427972177374,9.67258588782633,13.624816498199039,31.682393887342272,-16.96062007094872,-0.21826088799185817,-20.2064748739267,-19.994792203366472,-0.11751062142384497,0.0,-0.03333333333333344,0.06666666666666665,-0.0788428814520703,12.19968126965739,45.567719100356925,3798.631290440956,-0.26666666666666666,-2.742709205264134,PM_038,c18,half_profile,4,13,0.9347826086956522,0
108.10106751413042,66.38165094945327,172.2601677700552,174.4827184635837,120.18412140024672,59.271440117906096,0.8928889123748777,15.013782744799837,15.013782744799837,0.21167099908058748,2.8666666666666667,1.4,1.4666666666666666,0.9555555555555556,96.79903699206079,127.2053349482556,5701.194914002577,0.3333333333333333,9.709461459865821,1.0,0.9937326908111572,18.1630969026904,-7.944964124010767,7.995582085151142,15.847367191727528,45.37983485630575,-30.421298006396242,-0.30512730491969464,-23.559568252398304,-23.347885581838074,-0.08717028319319589,-0.10000000000000009,-0.20000000000000018,0.1333333333333333,-0.23956639566395654,11.089959082664791,33.27536843039809,1186.266994168017,-0.16666666666666669,2.9932618244385907,PM_038,c18,half_profile,4,14,0.875,0
89.73348113881549,88.29590867608128,174.4827184635837,178.02938981489677,100.12284464650327,79.1801094946922,0.8967585325518205,16.61433631929998,16.523872606682033,0.23452721065256987,3.0,1.5333333333333334,1.4666666666666666,1.0444444444444445,119.71631632222767,127.91377773532602,7869.062405734763,0.2,1.5781719323360477,1.0,0.9937326908111572,-0.20448947262453032,13.969293602617242,10.218132778679632,19.394038543040608,25.318558102562292,-10.512628629610134,-0.30125768474275183,-21.95901467789816,-21.837795719955878,-0.0643140716212135,0.033333333333333215,-0.06666666666666665,0.1333333333333333,-0.15067750677506764,34.00723841283167,33.983811217468514,3354.134485900203,-0.3,-5.138027703091183,PM_038,c18,half_profile,4,15,0.8888888888888888,0
85.11989903966058,92.9094907752362,178.02938981489677,177.7079735297659,84.97554111893547,94.33639060676859,1.0153579555718835,30.679186503092403,30.388599115016618,0.3378171571147386,4.5,3.0,1.5,1.9782608695652173,165.40401805530848,159.19535946536328,16880.181369844428,0.13333333333333333,11.872155523919432,1.0,0.9937326908111572,-4.818071571779441,18.582875701772153,13.764804129992712,19.072622257909728,10.171254574994492,4.643652482466251,-0.18265826172268884,-7.894164494105738,-7.973069211621294,0.038975874840955216,1.5333333333333332,1.4,0.16666666666666674,0.7831389183457051,79.69494014591248,65.26539294750577,12365.253450009866,-0.3666666666666667,5.155955888492201,PM_038,c18,half_profile,4,16,0.7185185185185186,0
75.79904732972503,101.90892620004087,177.7079735297659,176.96866987484333,85.80057756828528,93.45462600906161,0.9170406312163079,38.90096778374208,29.279472995113977,0.47822344612765555,3.2333333333333334,1.8333333333333333,1.4,1.302325581395349,208.88710121055624,147.27120932046432,19863.08464373344,0.3,12.81576313497699,1.0,0.9937326908111572,-14.138923281714995,27.582311126576826,13.443387844861832,18.333318602987163,10.996291024344302,3.7618878847592754,-0.28097558607826445,0.3276167865439419,-9.082195331523934,0.17938216385387218,0.2666666666666666,0.23333333333333317,0.06666666666666665,0.10720363017583678,123.17802330116024,53.341242802606814,15348.15672389888,-0.2,6.09956349954976,PM_038,c18,half_profile,4,17,0.9509803921568627,1
71.74992816479165,105.21874171005167,176.96866987484333,176.52904104257533,86.76562486788916,92.43750601103798,0.8785270048730046,25.747930229484226,25.05914480035952,0.4389542092234535,3.6666666666666665,1.8666666666666667,1.8,1.0363636363636364,200.63273937671198,167.1809377298723,18576.897780880274,0.13333333333333333,1.8081000852378395,1.0,0.9937326908111572,-18.188042446648367,30.892126636587633,12.704084189939266,17.893689770719163,11.961338323948183,2.7447678867356444,-0.3194892124215677,-12.825420767713915,-13.302523526278392,0.14011292694967015,0.6999999999999997,0.2666666666666666,0.4666666666666668,-0.15875831485587577,114.92366146731598,73.2509712120148,14061.969861045713,-0.3666666666666667,-4.908099550189391,PM_038,c18,half_profile,4,18,0.8090909090909091,1
47.831038404852734,129.6507517166466,176.52904104257533,177.48179012149933,67.67636029131991,111.98486982073088,0.8637425416975234,26.499500274658168,25.234735455863884,0.5718281828995899,3.466666666666667,1.6,1.8666666666666667,0.8596491228070176,238.94959536465706,286.1033333121955,12932.380433258111,0.23333333333333334,21.557486034574936,1.0,0.9937326908111572,-42.10693220658729,55.324136643182555,12.264455357671267,18.846438849643164,-7.127926252621066,22.29213169642854,-0.3342736755970489,-12.073850722539973,-13.126932870774027,0.27298690062580655,0.5,0.0,0.5333333333333334,-0.3354728284124946,153.24051745526106,192.173366794338,8417.452513423552,-0.26666666666666666,14.841286399147705,PM_038,c18,half_profile,4,19,0.8090909090909091,1
71.24572057022152,107.75812074735552,177.48179012149933,179.00384131757704,64.95041983468184,114.08318953080595,1.0586969106326556,30.54275099849284,29.401550515905562,0.252223264796909,2.8,1.5666666666666667,1.2333333333333334,1.263157894736842,217.943215308251,268.19502991515236,18364.142520164114,0.16666666666666666,5.796303290825364,1.0,0.9937326908111572,-18.6922500412185,33.43150567389148,13.217204436595267,20.368490045720876,-9.853866709259137,24.390451406503615,-0.13931930666191672,-8.030599998705302,-8.96011781073235,-0.046618017476874385,-0.16666666666666696,-0.03333333333333344,-0.09999999999999987,0.06803594351732989,132.234137398855,174.26506339729485,13849.214600329553,-0.33333333333333337,-0.9198963446018666,PM_038,c18,half_profile,4,20,0.8928571428571429,0
117.67467667220458,62.30103866775306,179.97571533995765,179.95159489355024,125.78435737642872,38.82739277629105,0.6232222384502244,10.691080093383775,9.117318884118799,0.3846163941926249,3.533333333333333,1.6666666666666667,1.8666666666666667,0.8947368421052632,103.86233441241387,80.17104904372957,3891.3087037687374,0.3333333333333333,4.70041405483758,1.0,0.9953526854515076,-15.692675239596014,16.138940522165,1.4638538443164748,0.886086864388858,-10.162364150538593,9.932658406047068,-0.02205589927872087,2.1988796940097544,1.6387221224896305,-0.02695314863543491,0.5666666666666664,0.0,0.5333333333333334,-0.41295546558704455,41.41650905856807,10.026786110618389,885.6033057758668,-0.10000000000000003,-2.958424324597104,PM_043,c17,front,5,7,0.8301886792452831,1
108.11313790986017,71.83845698369007,179.95159489355024,179.8238453390276,119.23033584660766,45.463803774350595,0.6328616410103648,9.893486377996785,9.635752339383728,0.37821002014271576,2.5,1.3,1.2,1.0810810810810811,125.96036836698431,104.76578353287323,6072.398976818645,0.3,11.158609068238874,1.0,0.9953526854515076,-25.254214001940426,25.676358838102004,1.439733397909066,0.7583373098662207,-16.71638568035965,16.569069404106614,-0.012416496718580472,1.4012859786227647,2.15715557775456,-0.033359522685344034,-0.4666666666666668,-0.3666666666666667,-0.1333333333333333,-0.22661122661122657,63.51454301313851,34.62152059976205,3066.6935788257742,-0.13333333333333336,3.4997706888041904,PM_043,c17,front,5,8,0.8333333333333334,1
99.68584194431044,80.13800339471716,179.8238453390276,179.3054930451626,107.86199254287772,58.091189595011826,0.7248894049541706,11.683066380488391,11.556670069178445,0.3888409151917407,3.6,1.8,1.8,1.0,111.02178003880852,118.81877354213188,4895.9828892035175,0.23333333333333334,10.684518095734816,1.0,0.9953526854515076,-33.68150996749016,33.9759052491291,1.3119838433864288,0.23998501600121358,-28.084728984089594,29.196455224767845,0.07961126722522538,3.1908659811143707,4.0780733075492765,-0.02272862763631911,0.6333333333333333,0.1333333333333333,0.4666666666666668,-0.3076923076923077,48.57595468496271,48.6745106090207,1890.277491210647,-0.2,3.0256797163001323,PM_043,c17,front,5,9,0.8240740740740741,1
94.77528074190201,85.05262528456637,179.3054930451626,179.82790602646838,104.58778255842451,61.224482945033415,0.7198423651261849,12.465723079004311,12.333340739790994,0.443323590925761,3.5,1.1666666666666667,2.3333333333333335,0.5070422535211268,138.54426495440592,134.64651627974064,7248.966704436801,0.26666666666666666,19.59737369818086,1.0,0.9953526854515076,-38.59207116989859,38.890527138978314,0.7936315495214217,0.762397997307005,-31.3589389685428,32.329748574789434,0.07456422739723967,3.9735226796302907,4.854743978161826,0.031754048097701215,0.5333333333333332,-0.5,1.0000000000000002,-0.800650054171181,76.09843960056011,64.50225334662946,4243.26130644393,-0.16666666666666669,11.938535318746176,PM_043,c17,front,5,10,0.7297297297297297,1
104.22056199771487,75.63720356334329,179.48995634797308,179.85776556105816,86.73513853395127,91.63996959867922,1.2115726822440522,29.722761509222345,27.561983025951264,0.2605217487523046,4.2,2.933333333333333,1.2666666666666666,2.282051282051282,102.19783039836116,113.12139734045189,6083.884953783461,0.4,13.275898062305515,1.0,0.9953526854515076,-29.14678991408573,29.47510541775523,0.9780948523319068,0.7922575318967802,-49.21158299301604,62.745235228435234,0.566294544515107,21.230561109848324,20.083386264322094,-0.1510477940757552,1.2333333333333334,1.2666666666666664,-0.06666666666666665,0.9743589743589742,39.75200504451536,42.97713440734071,3078.1795557905907,-0.033333333333333326,5.617059682870831,PM_043,c17,half_profile,5,11,0.6382978723404256,0
105.66529317748481,74.08741093094719,179.17244902111213,179.752704108432,85.71812964104976,91.89431184710864,1.2403498879554353,31.26498896115782,30.434089024861613,0.248615009379593,3.566666666666667,1.1,2.466666666666667,0.4533333333333333,114.9745891620583,123.19165514661108,7826.258592181265,0.3,10.158031579219923,1.0,0.9953526854515076,-27.702058734315784,27.925312785359125,0.6605875254709588,0.6871960792706204,-50.22859188591755,62.99957747686466,0.5950717502264901,22.7727885617838,22.955492263232443,-0.1629545334484668,0.6000000000000001,-0.5666666666666667,1.1333333333333335,-0.8543589743589743,52.52876380821249,53.047392213499904,4820.553194188395,-0.13333333333333336,2.499193199785239,PM_043,c17,half_profile,5,12,0.7433628318584071,0
103.5123348814067,76.35660850227643,179.752704108432,179.86894338368313,83.54773887204905,94.36137740230134,1.2357984364835708,32.63813507608516,32.314717445538626,0.24873250193926127,2.5,1.0666666666666667,1.4333333333333333,0.75,134.19631561675658,112.61813770640998,7829.620277703387,0.3,6.389474117394656,1.0,0.9953526854515076,-29.855017030393896,30.19451035668837,1.2408426127908285,0.8034353545217527,-52.39898265491826,65.46664303205736,0.5905202987546255,24.145934676711143,24.836120683909456,-0.16283704088879852,-0.4666666666666668,-0.6000000000000001,0.10000000000000009,-0.5576923076923077,71.75049026291077,42.4738747732988,4823.914879710516,-0.13333333333333336,-1.2693642620400283,PM_043,c17,half_profile,5,13,0.7211538461538461,0
106.00424501493364,73.79651073769566,179.8007557526293,179.24687115557757,88.31491980614588,89.80189144250103,1.2168853316343824,30.845041332822817,29.800707482672316,0.2516823854797327,2.533333333333333,1.0333333333333334,1.5,0.6956521739130435,121.54912180714831,103.8243202110391,8145.534302826451,0.3333333333333333,12.788903801988198,1.0,0.9953526854515076,-27.363106896866952,27.634412592107594,1.2888942569881294,0.18136312641618701,-47.63180172082143,60.90715707225705,0.5716071939054371,22.352840933448796,22.322110721043146,-0.1598871573483271,-0.43333333333333357,-0.6333333333333333,0.16666666666666674,-0.6120401337792643,59.103296453302505,33.680057277927915,5139.82890483358,-0.10000000000000003,5.130065422553514,PM_043,c17,half_profile,5,14,0.7307692307692307,0
102.65279797970976,77.174999385685,179.20164681306625,179.82779736539476,84.932892572312,93.56557051753572,1.2123818757670242,29.10169356209887,29.068055313902978,0.2876599596176309,4.133333333333334,1.2,2.933333333333333,0.4157303370786517,120.26732209440866,90.36541430981117,6567.013033144216,0.3,13.568056775377926,1.0,0.9953526854515076,-30.714553932090837,31.012901240096937,0.689785317425077,0.7622893362333798,-51.01382895465531,64.67083614729174,0.5671037380380789,20.60949316272485,21.58945855227381,-0.12390958321042889,1.166666666666667,-0.4666666666666668,1.5999999999999999,-0.891961970613656,57.82149674056285,20.221151376699993,3561.3076351513455,-0.13333333333333336,5.909218395943242,PM_043,c17,half_profile,5,15,0.6762589928057554,0
74.61893241849288,104.77019801284314,179.389130431336,177.72730000813777,75.3876972941608,103.113006459686,0.9841826055062529,23.93029280658405,20.280307175277088,0.2771651972552911,2.966666666666667,1.1333333333333333,1.8333333333333333,0.625,178.38876699472394,122.42133598823031,12690.91197205915,0.4,3.3733866637919334,1.0,0.9953526854515076,-58.74841949330772,58.60809986725508,0.8772689356948433,-1.338208021023604,-60.55902423280651,74.21827208944202,0.33890446777730765,15.438092407210029,12.80171041364792,-0.1344043455727687,0.0,-0.5333333333333334,0.5,-0.6826923076923077,115.94294164087813,52.27707305511913,9685.20657406628,-0.033333333333333326,-4.2854517156427505,PM_043,c17,half_profile,5,16,0.967032967032967,1
70.43434001047365,108.63074902951445,177.72730000813777,179.0650890399881,61.28576536302434,117.09627230755679,1.0779293464665543,26.039514120522995,25.087826245790914,0.1916858076855731,4.0,2.1,1.9,1.103448275862069,199.74667239498729,203.8384306275998,11348.343714217599,0.36666666666666664,5.412634085783196,1.0,0.9953526854515076,-62.93301190132695,62.46865088392639,-0.7845614875033959,-0.0004189891732835349,-74.66095616394297,88.2015379373128,0.432651208737609,17.547313721148974,17.609229484161744,-0.21988373514248669,1.0333333333333332,0.43333333333333335,0.5666666666666667,-0.20424403183023876,137.30084704114148,133.6941676944886,8342.63831622473,-0.06666666666666671,-2.2462042936514877,PM_043,c17,half_profile,5,17,0.7916666666666666,1
58.16162494147487,120.90346409851323,179.0650890399881,179.0547426562286,54.879059894776375,123.21386784805345,1.0191094917483727,25.406279411150745,24.7020205378016,0.21753535448730735,3.1666666666666665,1.3,1.8666666666666667,0.7017543859649122,301.22575933282974,260.2692200301527,18166.07441469211,0.4,3.336472680558373,1.0,0.9953526854515076,-75.20572697032573,74.74136595292516,0.5532275443469246,-0.010765372932780792,-81.06766163219093,94.31913347780947,0.37383135401942746,16.914079011776725,17.22342377617243,-0.19403418834075245,0.19999999999999973,-0.3666666666666667,0.5333333333333334,-0.6059379217273955,238.77993397898393,190.12495709704154,15160.369016699238,-0.033333333333333326,-4.322365698876311,PM_043,c17,half_profile,5,18,0.89,1
55.433598340847716,123.62114431538089,179.0547426562286,179.01061463459206,53.289632210999784,124.38043776012582,1.0061421001152346,25.183025508731955,24.344301554031667,0.23733259137574694,2.6,1.3,1.3,1.0,258.8924274196869,278.68142809186634,19509.618473854785,0.3333333333333333,0.13192015808898105,1.0,0.9953526854515076,-77.93375357095289,77.45904616979283,0.5428811605874273,-0.0548933945693193,-82.65708931596753,95.48570338988183,0.36086396238628937,16.690825109357935,16.865704792402497,-0.17423695145231285,-0.3666666666666667,-0.3666666666666667,-0.033333333333333215,-0.3076923076923077,196.4466020658411,208.53716515875516,16503.913075861914,-0.10000000000000003,-7.526918221345703,PM_043,c17,half_profile,5,19,0.8571428571428571,1
55.7207202003115,123.65456145975995,179.01061463459206,179.37528166007144,44.2339286143645,134.01748847135713,1.0838054568247328,27.63573997464527,27.36967856336978,0.17058871763867195,3.2,1.7333333333333334,1.4666666666666666,1.1777777777777778,204.2259761265342,259.49146568001026,14818.628906680771,0.2,2.416126531955989,1.0,0.9953526854515076,-77.6466317114891,77.49246331417189,0.4987531389508888,0.3097736309100583,-91.71279291260281,105.12275410111314,0.43852731909578757,19.143539575271248,19.89108180174061,-0.24098082518938785,0.2333333333333334,0.06666666666666665,0.1333333333333333,-0.1299145299145299,141.7801507726884,189.3472027468991,11812.923508687902,-0.23333333333333334,-5.242711847478695,PM_043,c17,half_profile,5,20,0.90625,1
82.92376467882285,95.76692850352352,178.69069318234637,159.21279788326882,75.68753847724938,103.35122571672699,1.0791953687114904,34.614738142335526,27.629245361724422,0.42281877775212845,2.8,1.4666666666666666,1.3333333333333333,1.0975609756097562,122.62454144366359,154.44777154303225,8804.537741759406,0.43333333333333335,6.5206953767058025,1.0,0.9716556072235107,-20.562197928820822,20.609542020987604,1.3428356616527992,-19.477895299077545,-2.9109472960104483,2.0977192337894905,-0.275523553199045,-3.8243215404031474,-10.774667582986659,-0.0044524710931818645,-1.4000000000000004,-1.1000000000000003,-0.30000000000000004,-0.46243902439024387,12.41913436295107,52.676545180284364,4330.881783108046,-0.16666666666666663,3.762874553729958,PM_043,c18,side,5,4,0.48344370860927155,0
85.29989878336576,94.0543659094607,174.52443315249994,179.35426469282646,71.63603950269285,107.67160688127777,1.144780530283149,36.453446326317675,34.12365007606931,0.4518546290469886,4.6,2.466666666666667,2.1333333333333333,1.1538461538461537,164.38675620339268,100.67830271535058,6710.73405334802,0.3333333333333333,3.402551262925698,1.0,0.9716556072235107,-18.18606382427791,18.896979426924787,-2.8234243681936277,0.6635715104800965,-6.962446270566971,6.418100398340272,-0.20993839162738626,-1.9856133564209983,-4.2802628686417705,0.024583380201678273,0.39999999999999947,-0.10000000000000009,0.5,-0.4061538461538463,54.18134912268016,-1.0929236473972992,2237.0780946966597,-0.26666666666666666,0.6447304399498535,PM_043,c18,side,5,5,0.6159420289855072,0
67.77852683459517,112.19854911374821,179.97707594834338,179.53591681145977,79.42564996496412,100.26236077510936,0.8936154840421527,27.634321815523712,26.669163625477676,0.40752133998003814,3.9,2.2666666666666666,1.6333333333333333,1.38,159.4106342266133,155.14565901322783,5754.9845543419515,0.4,3.104440102845558,1.0,0.9716556072235107,-35.7074357730485,37.0411626312123,2.6292184276498176,0.8452236291134057,0.8271641917042984,-0.9911457078281387,-0.4611034378683826,-10.80473786721496,-11.734749319233405,-0.01974990886527217,-0.30000000000000027,-0.30000000000000027,0.0,-0.18000000000000016,49.20522714590078,53.374432650479946,1281.328595690591,-0.19999999999999996,0.34661927986971364,PM_043,c18,side,5,6,0.7107438016528925,1
61.6382530674789,118.0834967708173,179.53591681145977,179.7217498382962,76.36242305871201,102.58471461704787,0.8687472629316669,29.186405297481613,27.785607193455512,0.42796849223958405,2.8666666666666667,1.4333333333333333,1.4333333333333333,1.0,146.87831730037516,149.82199136312943,6955.249928913006,0.36666666666666664,2.783816564650756,1.0,0.9716556072235107,-41.84770954016477,42.92611028828139,2.188059290766205,1.0310566559498398,-2.2360627145478134,1.3312081341103692,-0.4859716589788684,-9.25265438525706,-10.61830575125557,0.0006972433942737388,-1.3333333333333335,-1.1333333333333335,-0.19999999999999996,-0.56,36.67291021966264,48.050765000381546,2481.593970261646,-0.23333333333333334,0.0259957416749117,PM_043,c18,side,5,7,0.8709677419354839,1
59.990007375741854,119.73174246255435,179.7217498382962,179.12187994094097,74.05099847306411,104.18426232936562,0.8701473826955192,29.84652046104526,28.596081234159882,0.4410329320472034,3.466666666666667,1.6333333333333333,1.8333333333333333,0.8928571428571429,177.8586618002356,159.47152472161633,9835.40768952667,0.3333333333333333,1.5088694353640335,1.0,0.9716556072235107,-43.49595523190182,44.57435598001844,2.373892317602639,0.4311867585946061,-4.547487300195712,2.930755846428127,-0.48457153921501617,-8.592539221693414,-9.807831710551199,0.013761683201893082,-0.7333333333333334,-0.9333333333333336,0.19999999999999996,-0.6671428571428571,67.65325471952309,57.70029835886845,5361.7517308753095,-0.26666666666666666,-1.248951387611811,PM_043,c18,side,5,8,0.8653846153846154,1
55.50303884398878,123.6188410969522,179.12187994094097,178.81408631956398,66.95513995282053,111.6018356389296,0.9027898550788236,30.533660599679614,29.793683733258888,0.4549632860726602,3.066666666666667,1.2333333333333334,1.8333333333333333,0.6785714285714286,187.09813898259853,176.64412560400962,9940.057891348011,0.3,2.1314800146854296,1.0,0.9716556072235107,-47.98292376365489,48.46145461441628,1.7740224202474053,0.12339313721761869,-11.643345820439293,10.348329155992104,-0.45192906683171175,-7.905399083059059,-8.610229211452193,0.027692037227349864,-1.1333333333333333,-1.3333333333333335,0.19999999999999996,-0.8814285714285715,76.89273190188601,74.87289924126173,5466.401932696651,-0.3,-0.6263408082904149,PM_043,c18,side,5,9,0.865979381443299,1
54.94469513005501,124.31051472255143,178.81408631956398,179.25520985260644,68.24640335149054,111.4440735655944,0.8964975634951424,29.84096978753156,29.278726404363418,0.48448908677348773,3.4,1.1,2.3,0.4857142857142857,196.56067290863376,144.9353938907771,9707.541236321167,0.3,0.2042053189628632,1.0,0.9716556072235107,-48.54126747758866,49.15312824001552,1.466228798870418,0.5645166702600761,-10.352082421769282,10.190567082656898,-0.4582213584153929,-8.598089895207114,-9.125186540347663,0.05721783792817742,-0.8000000000000003,-1.4666666666666668,0.6666666666666665,-1.0742857142857143,86.35526582792124,43.164167528029225,5233.885277669807,-0.3,-2.5536155040129813,PM_043,c18,side,5,10,0.7339449541284404,1
151.61894298735098,27.968226841517833,179.5871698288688,179.45222440116822,156.6829699891984,22.0932276341822,0.7899402332287149,11.484613728213603,11.212526606274874,0.14848919764354612,6.066666666666666,3.8666666666666667,2.2,1.7462686567164178,69.421557141589,74.5961711933083,5718.995505960669,0.6,52.52399434671767,1.0,0.9716556072235107,48.132980379707305,-47.18915964101808,2.2393123081752435,0.7615312188218581,78.08448421593857,-79.1602788487553,-0.5647786886818205,-26.95444595452507,-27.191386338436207,-0.2787820512017642,1.8666666666666663,1.2999999999999998,0.5666666666666669,0.1862686567164178,-40.78384993912351,-27.175055169439588,1245.3395473093087,0.0,49.76617352374183,PM_043,c18,half_profile,5,11,0.5769230769230769,0
142.19393227317096,37.3943007828353,179.45222440116822,179.58823305600626,147.74803227676438,29.890321805879637,0.7993282714247157,13.311468157417313,12.722997165861566,0.14750252341553224,2.3666666666666667,1.0333333333333334,1.3333333333333333,0.7804878048780488,77.05225956904371,50.46133264318627,9635.984628199905,0.26666666666666666,45.56129247492004,1.0,0.9716556072235107,38.70796966552729,-37.76308569970061,2.1043668804746574,0.8975398736598947,69.14954650350455,-71.36318467705786,-0.5553906504858196,-25.12759152532136,-25.680915778849517,-0.27976872542977804,-1.8333333333333335,-1.5333333333333334,-0.30000000000000004,-0.7795121951219512,-33.153147511668806,-51.309893719561614,5162.328669548545,-0.3333333333333333,42.80347165194419,PM_043,c18,half_profile,5,12,0.7888888888888889,0
141.05563856512936,38.75306510099594,179.58823305600626,179.8087036661253,142.40416575510244,35.81448080219744,0.9241715644648975,16.6833791196088,16.39938311143353,0.132141515935138,4.4,2.2333333333333334,2.1666666666666665,1.0303030303030303,73.7641807655234,104.87566861239372,7529.091944003398,0.3333333333333333,43.22304957666435,1.0,0.9716556072235107,37.569675957485686,-36.40432138153997,2.240375535312694,1.1180104837789315,63.805679981842616,-65.43902568074006,-0.4305473574456379,-21.75568056312987,-22.00452983327755,-0.2951297329101723,0.20000000000000018,-0.3333333333333335,0.5333333333333332,-0.5296969696969698,-36.44122631518911,3.1044422496458424,3055.4359853520373,-0.26666666666666666,40.46522875368851,PM_043,c18,half_profile,5,13,0.7878787878787878,0
150.47351120457483,29.335192461550463,179.8087036661253,179.73131194672004,154.4097617013112,24.04592208532023,0.8196953920393444,13.362783559989085,13.362783559989085,0.1385895905621122,3.7,1.3,2.4,0.547945205479452,61.69363442953539,59.6583121163502,4546.057586180035,0.5,53.90882421055906,1.0,0.9716556072235107,46.98754859693116,-45.82219402098545,2.4608461454317307,1.0406187643736757,75.81127592805137,-77.20758439761727,-0.535023529871191,-25.07627612274959,-25.041129384721998,-0.28868165828319814,-0.5,-1.2666666666666668,0.7666666666666666,-1.012054794520548,-48.511772651177125,-42.11291424639768,72.40162752867491,-0.09999999999999998,51.151003387583216,PM_043,c18,half_profile,5,14,0.72,0
159.45710701550217,20.274204931217866,179.73131194672004,179.40716090346803,159.55808598241742,19.39297353240832,0.9565343547725197,13.562748880097342,13.375007146364663,0.12433939273932779,4.6,0.9666666666666667,3.6333333333333333,0.2727272727272727,44.06296370865505,47.250944855924786,4741.171629094592,1.0333333333333334,67.80605402034072,1.0,0.9716556072235107,55.9711444078585,-54.883181551318046,2.383454426026475,0.7164677211216599,80.9596002091576,-81.86053295052918,-0.39818456713801564,-24.87631080264133,-25.02890579834642,-0.3029318561059825,0.39999999999999947,-1.6,2.0,-1.2872727272727273,-66.14244337205747,-54.520281506823096,267.515670443232,0.43333333333333346,65.04823319736488,PM_043,c18,half_profile,5,15,0.5632911392405063,0
114.88492409181785,64.52223681165017,179.40716090346803,177.90829256396248,140.23914703765453,38.375151134672564,0.5947585364514754,13.394825365636237,9.480093365623823,0.4764008718135546,4.133333333333334,2.2666666666666666,1.8666666666666667,1.2105263157894737,98.81532347047425,75.3200422014504,5984.924527087342,0.43333333333333335,39.186316155768,1.0,0.9716556072235107,11.39896148417418,-10.635149670885738,2.059303382774459,-0.782400618383889,61.64066126439471,-62.87835534826493,-0.75996038545906,-25.044234317102436,-28.923819579087258,0.0491296229682443,-0.06666666666666643,-0.30000000000000027,0.2333333333333334,-0.3494736842105264,-11.390083610238264,-26.451184161297476,1511.2685684359813,-0.16666666666666663,36.42849533279215,PM_043,c18,half_profile,5,16,0.7258064516129032,1
112.02592028993533,67.65620346399604,177.90829256396248,179.68212375393136,133.61665674515083,44.73551769174017,0.6612182682634069,11.400149725216277,10.281680875010291,0.46899925165878165,3.3333333333333335,1.8,1.5333333333333334,1.1702127659574468,109.5227248947333,82.86272816843848,13582.736525310325,0.16666666666666666,38.9878598498059,1.0,0.9716556072235107,8.539957682291657,-7.5011830185398765,0.5604350432689102,0.9914305715849991,55.01817097189101,-56.517988791197325,-0.6935006536471284,-27.038909957522396,-28.12223206970079,0.04172800281347133,-0.8666666666666667,-0.7666666666666668,-0.09999999999999987,-0.3897872340425532,-0.6826821859792176,-18.908498194309402,9109.080566658966,-0.43333333333333335,36.230039026830056,PM_043,c18,half_profile,5,17,0.7410714285714286,1
93.51000028668015,86.32596178591497,179.68212375393136,179.83596207259512,116.32455034792665,62.331107663901776,0.7220435935423517,12.60405559044378,9.225249340007819,0.5240913309576184,3.1333333333333333,1.8333333333333333,1.3,1.4,206.87171936035128,202.30541377872555,18537.861080499908,0.13333333333333333,30.985469752059835,1.0,0.9716556072235107,-9.975962320963518,11.168575303379058,2.3342662332377984,1.145268890248758,37.72606457466682,-38.92239881903572,-0.6326753283681836,-25.835004092294895,-29.17866360470326,0.09682008211230808,-1.0666666666666669,-0.7333333333333336,-0.33333333333333326,-0.16000000000000014,96.66631227963876,100.53418741597767,14064.205121848547,-0.4666666666666667,28.22764892908399,PM_043,c18,half_profile,5,18,0.7570093457943925,1
89.55331226035102,90.2826498122441,179.83596207259512,179.69887493183063,108.2741478593833,70.4700693237832,0.7805494130969346,12.03244258831072,11.335799035571855,0.4888615662401366,3.8,1.9,1.9,1.0,186.0394257384462,288.57151972782987,28784.103406071215,0.1,27.9946290383607,1.0,0.9716556072235107,-13.93265034729265,15.12526332970819,2.488104551901557,1.0081817494842653,29.67566208612348,-30.78343715915429,-0.5741695088136007,-26.40661709442795,-27.068113909139228,0.06159031739482629,-0.40000000000000036,-0.666666666666667,0.2666666666666666,-0.56,75.83401865773368,186.80029336508198,24310.447447419854,-0.5,25.236808215384855,PM_043,c18,half_profile,5,19,0.7982456140350878,1
75.26540688518828,104.43346804664235,179.69887493183063,178.88596201975082,95.35823779085484,83.1249520438057,0.7959608504687427,12.64253765783267,12.490409586852746,0.501714135661269,2.2333333333333334,1.1,1.1333333333333333,0.9714285714285714,221.8068486993957,206.38398009461213,18911.89994837397,0.13333333333333333,10.507394501657188,1.0,0.9716556072235107,-28.220555722455387,29.276081564106434,2.3510174111370645,0.19526883740445555,16.75975201759502,-18.12855443913179,-0.5587580714417927,-25.796522024906004,-25.913503357858335,0.07444288681595868,-1.9666666666666668,-1.4666666666666668,-0.5,-0.5885714285714286,111.60144161868317,104.61275373186425,14438.24398972261,-0.4666666666666667,7.749573678681344,PM_043,c18,half_profile,5,20,0.7701149425287356,1
127.86421124346828,50.11788293087113,177.9820941743394,177.93970757026153,119.35712773046436,45.40981923553329,0.9060602040626538,10.036595385828045,9.56611971421674,0.2579043307603692,3.033333333333333,1.5333333333333334,1.5,1.0217391304347827,130.2002171107702,101.0766680828931,9794.587838052877,0.36666666666666664,9.467216888031402,1.0,0.9964832067489624,-1.7731839795133055,1.7731839795133055,-0.07291078773928916,-0.0423866040778762,-4.323155919194733,4.856279777758033,0.06721871083961539,0.39725224796311487,2.3561191166634146,-0.004604805986602567,-0.2333333333333334,0.26666666666666683,-0.2666666666666666,0.0931677018633541,42.711865313641226,15.477318701804847,4265.471609061886,0.033333333333333326,-0.8277968039244143,PM_105,c17,front,6,4,0.9148936170212766,0
133.98561234907652,45.89954432367756,177.93970757026153,179.88515667275408,127.73332326649569,41.76431967995376,0.909907065426124,9.240670039024174,6.463252984084083,0.2585215992999796,5.333333333333333,1.6333333333333333,3.7,0.44642857142857145,100.25673408012835,69.81963120497653,7127.327411682455,0.36666666666666664,16.583728806797012,1.0,0.9964832067489624,4.348217126094937,-2.4451546276802674,-0.11529739181716536,1.9030624984146698,4.0530396168366,1.2107802221784993,0.07106557220308563,-0.3986730988407565,-0.7467476134692417,-0.0039875374469922065,2.0666666666666664,0.3666666666666667,1.9333333333333336,-0.48214285714285715,12.768382282999369,-15.779718176111714,1598.2111826914634,0.033333333333333326,6.288715114841196,PM_105,c17,front,6,5,0.55625,0
79.56260661335725,99.38304323138598,178.83666615671902,178.94564984474323,59.28842643638701,118.42743152767018,1.1916261333630587,32.778365519139626,32.6288667736631,0.2703177716050825,4.566666666666666,1.5,3.066666666666667,0.4946236559139785,166.38553272594095,146.02196730576495,11619.183406997086,0.3333333333333333,0.9702832440793117,1.0,0.9964832067489624,-50.074788609624335,51.038344280028156,0.7816611946403214,0.9635556704038208,-64.39185721327208,77.87389206989492,0.3527846401400203,23.139022381274696,25.418866176109773,0.00780863485811073,1.2999999999999998,0.2333333333333334,1.3000000000000003,-0.4339477726574501,78.89718092881196,60.4226179246767,6090.067178006095,0.0,-9.324730447876505,PM_105,c17,half_profile,6,6,0.6934306569343066,0
83.06180793795224,96.75970861922079,178.94564984474323,179.82151655717303,61.133015768868496,117.01849759915157,1.2093721577816583,31.544313868402874,30.09436646168362,0.24565387191452473,2.7666666666666666,1.2333333333333334,1.5333333333333334,0.8085106382978723,120.7092978737569,131.08430342240808,13018.042934293491,0.3333333333333333,2.482189789478923,1.0,0.9964832067489624,-46.57558728502934,48.41500966786296,0.8906448826645317,1.839422382833618,-62.54726788079059,76.46495814137631,0.37053066455861994,21.904970730537944,22.884365864130295,-0.016855264832447064,-0.5,-0.033333333333333215,-0.23333333333333317,-0.12006079027355632,33.22094607662791,45.48495404131984,7488.9267053025,0.0,-7.812823902476893,PM_105,c17,half_profile,6,7,0.83,0
79.05865402551946,100.76286253165357,179.82151655717303,178.82583611558502,58.24872779020491,119.24246016002819,1.183396909973349,31.071267313771394,30.274005873378698,0.2707652076111208,3.2,1.8333333333333333,1.3666666666666667,1.3333333333333333,135.90414072011967,138.3248316777214,14557.323501224564,0.3333333333333333,0.8285862976338336,1.0,0.9964832067489624,-50.57874119746212,52.41816358029574,1.7665115950943289,0.8437419412456109,-65.43155585945418,78.68892070225293,0.34455541675031065,21.431924175906463,23.064005275825373,0.008256070864148979,-0.06666666666666643,0.5666666666666667,-0.3999999999999999,0.40476190476190466,48.415788922990686,52.725482296633146,9028.207272233572,0.0,-9.466427394321983,PM_105,c17,half_profile,6,8,0.8181818181818182,0
79.04134699173292,99.85846564883266,178.82583611558502,178.89981264056559,59.61144233472412,117.71427858030624,1.1788112085986404,29.827929476122794,28.134387482812354,0.28515701195894344,3.7,1.8,1.9,0.9482758620689655,131.16130878398934,133.55425153459834,15945.524873952876,0.23333333333333334,1.1124479615843086,1.0,0.9964832067489624,-50.59604823124866,51.513766697474836,0.7708311535063217,0.9177184662261766,-64.06884131493497,77.16073912253098,0.33996971537560206,20.188586338257863,20.92438688525903,0.022647875211971646,0.43333333333333357,0.5333333333333334,0.1333333333333333,0.019704433497536922,43.672956986860356,47.95490215351009,10416.408644961884,-0.09999999999999998,-9.182565730371508,PM_105,c17,half_profile,6,9,0.8018018018018018,0
79.9748287778911,98.92498386267448,178.89981264056559,178.56616897913258,65.23460827451754,112.05995630701887,1.1327770996918036,28.58143639667722,25.894761518998543,0.2580443360717778,2.3333333333333335,1.3,1.0333333333333334,1.25,137.0693989543173,150.41260558289352,19796.991135192715,0.3,2.5116816268854905,1.0,0.9964832067489624,-49.66256644509048,50.58028491131665,0.8448076784868874,0.5840748047931754,-58.44567537514155,71.5064168492436,0.29393560646876526,18.94209325881229,18.684760921445218,-0.004464800675194003,-0.9333333333333331,0.03333333333333344,-0.7333333333333332,0.3214285714285714,49.58104715718832,64.81325620180527,14267.874906201723,-0.033333333333333326,-7.783332065070326,PM_105,c17,half_profile,6,10,0.8333333333333334,0
115.69102544082692,64.29430306835083,179.98532850917775,179.5007544843663,97.10270103025216,81.37022683940397,1.26558999718684,43.087748721564424,42.77077338809053,0.2722737053772068,7.066666666666666,5.866666666666666,1.2,4.783783783783784,167.8508510837304,141.115144011261,9594.023309790633,0.36666666666666664,6.148005299753947,1.0,0.9964832067489624,-13.946369782154662,15.949604116993001,1.93032354709905,1.5186603100268883,-26.577582619406925,40.81668738162871,0.4267485039638017,33.4484055836995,35.56077279053721,0.009764568630235004,3.8,4.6,-0.5666666666666667,3.8552123552123554,80.3624992866014,55.51579463017276,4064.9070807996413,0.033333333333333326,-4.147008392201869,PM_105,c17,half_profile,6,11,0.41784037558685444,1
72.97341324447027,106.9169944994376,179.5007544843663,179.89040774390787,46.90232675725757,129.99604647087307,1.2158595280337483,54.90966276689002,53.207655308050434,0.25357229852831176,5.666666666666667,3.466666666666667,2.2,1.5671641791044777,143.5351017543249,134.26017860313522,10449.969976419618,0.3,0.34693525570295947,1.0,0.9964832067489624,-56.663981978511316,58.57229554807978,1.4457495222875991,1.9083135695684632,-76.77795689240152,89.44250701309781,0.37701803481070995,45.270319629025096,45.99765471049711,-0.008936838218660037,2.4000000000000004,2.2,0.43333333333333357,0.6385927505330491,56.046749957195914,48.66082922204697,4920.853747428626,-0.033333333333333326,-9.948078436252857,PM_105,c17,half_profile,6,12,0.5882352941176471,1
73.83367559920131,106.05673214470656,179.89040774390787,179.51988411775375,49.64039537504115,127.3621466995832,1.2008869604412002,50.60773406916359,50.49258376612801,0.24806122785006732,3.7,1.4666666666666666,2.2333333333333334,0.6617647058823529,135.02405141855192,127.39262865735341,12870.286954586523,0.3,2.1487410243971397,1.0,0.9964832067489624,-55.80371962378027,57.71203319334873,1.835402781829174,1.5377899434143387,-74.03988827461794,86.80860724180795,0.3620454672181619,40.96839093129866,43.28258316857468,-0.014447908896904477,0.43333333333333357,0.19999999999999996,0.4666666666666668,-0.2668067226890757,47.535699621422935,41.79327927626517,7341.170725595532,-0.033333333333333326,-8.146272667558677,PM_105,c17,half_profile,6,13,0.8487394957983193,1
58.47990751060048,121.16494807123605,179.51988411775375,179.64485558183654,38.081119917171804,140.1508551593465,1.1566947156775746,46.94384689661325,45.73636255635837,0.2601304794157735,3.6333333333333333,1.3333333333333333,2.3,0.5857142857142857,170.51485334123868,151.51306945008102,19332.732991091492,0.5666666666666667,0.21862323975666698,1.0,0.9964832067489624,-71.1574877123811,72.82024911987823,1.4648791556750496,1.662761407497129,-85.59916373248728,99.59731570157123,0.3178532224545363,37.304503758748325,38.52636195880505,-0.0023786573311982973,0.3666666666666667,0.06666666666666665,0.5333333333333332,-0.34285714285714286,83.02650154410969,65.91372006899277,13803.6167621005,0.23333333333333334,-10.07639045219915,PM_105,c17,half_profile,6,14,0.8898305084745762,1
71.24839396290955,108.39646161892699,179.64485558183654,179.45904402299337,34.22227170869897,143.04157389190786,1.3196147895932013,68.66236986432747,67.13905590437183,0.2768860827663756,2.9,1.4,1.5,0.9347826086956522,161.525550941368,137.11302224691792,14096.712785603977,0.43333333333333335,0.3579528610427616,1.0,0.9964832067489624,-58.389001260072035,60.051762667569164,1.58985061975784,1.476949848653959,-89.45801194096012,102.4880344341326,0.480773296370163,59.02302672646255,59.929055306818505,0.014376946019403813,-0.3666666666666667,0.1333333333333333,-0.2666666666666666,0.006211180124223614,74.03719914423903,51.513672865829676,8567.596556612985,0.10000000000000003,-9.937060830913055,PM_105,c17,half_profile,6,15,0.8365384615384616,1
63.4242335067682,116.6280851157711,179.45904402299337,180.0523186225393,31.80894280305668,145.574894347748,1.2481975863981887,62.57876169113877,62.22808007244414,0.2861342648149049,3.533333333333333,2.033333333333333,1.5,1.3478260869565217,152.744629104416,159.9781829041315,16537.462797708802,0.36666666666666664,4.805236519157106,1.0,0.9964832067489624,-66.21316171621338,68.28338616441327,1.4040390609146698,2.0702244481998946,-91.87134084660241,105.02135488997274,0.4093560931751503,52.93941855327384,55.01807947489082,0.0236251280679331,0.2666666666666666,0.7666666666666666,-0.2666666666666666,0.4192546583850931,65.25627730728701,74.37883352304326,11008.34656871781,0.033333333333333326,-5.489777172798711,PM_105,c17,half_profile,6,16,0.839622641509434,1
134.295721673346,45.68207447663008,179.86862816748658,179.9777961499761,133.49705663903947,31.882113964526667,0.6979130070119044,8.370931034996385,4.321760585297747,0.2447724809378253,3.1333333333333333,1.2,1.9333333333333333,0.6271186440677966,169.7246977570768,118.70137400441394,15986.278835125351,0.3333333333333333,31.499995210986086,1.0,0.9964832067489624,4.658326450364427,-2.6626244747277497,1.813623205407879,1.9957019756366776,9.816772989380382,-8.671425493248591,-0.14092848621113396,-1.2684121028685453,-2.8882400122555776,-0.01773665580914649,-0.1333333333333333,-0.06666666666666665,0.16666666666666674,-0.301452784503632,82.23634595994781,33.10202462332569,10457.16260613436,0.0,21.20498151903027,PM_105,c17,front,6,17,0.8969072164948454,1
147.2228160379251,32.75498011205099,179.9777961499761,179.90343538094368,135.99957737778152,31.329180696825915,0.9564707592449277,8.825137992957956,7.49793647171614,0.302113370461897,3.2,1.2,2.0,0.6065573770491803,165.89113309785887,108.59823251699538,10902.844057233013,0.26666666666666666,19.147513484541975,1.0,0.9964832067489624,17.585420814943518,-15.58971883930684,1.9227911878973885,1.9213412066042679,12.319293728122432,-9.224358760949343,0.11762926602188939,-0.8142051449069747,0.2879358741628151,0.03960423371492522,-0.06666666666666643,-0.06666666666666665,0.2333333333333334,-0.32201405152224827,78.40278130072988,22.998883135907136,5373.727828242021,-0.06666666666666665,8.852499792586158,PM_105,c17,front,6,18,0.8137254901960784,1
131.4033621255452,48.67202824844418,180.07539037398936,179.9505493692503,121.82840038481196,44.00843427914039,0.9041832827368795,8.441426142985675,7.623812597035319,0.23426079292059943,3.033333333333333,1.0,2.033333333333333,0.5,185.59766496930706,167.34798084605814,12453.39958001308,0.3333333333333333,38.71094470003463,1.0,0.9964832067489624,1.765966902563605,0.32732929708635083,2.0203854119106666,1.968455194910888,-1.8518832648471317,3.45489482136513,0.06534178951384118,-1.1979169948792556,0.413811999481994,-0.02824834382637237,-0.2333333333333334,-0.2666666666666666,0.2666666666666666,-0.4285714285714286,98.10931317217808,81.74863146496989,6924.283351022088,0.0,28.415931008078815,PM_105,c17,front,6,20,0.7117117117117117,1
131.2421514998265,48.708397869423806,179.9505493692503,179.84877516180896,121.39309391830892,44.13775816417868,0.9061632099356259,7.166650330349471,5.318849838141231,0.2692800126808542,2.066666666666667,1.0,1.0666666666666667,0.9393939393939394,194.5248096020191,150.63300194678334,16521.142111144254,0.36666666666666664,37.564892426197616,1.0,0.9964832067489624,1.6047562768449097,0.3636989180659782,1.8955444071715988,1.8666809874695502,-2.2871897313501677,3.584218706403419,0.06732171671258758,-2.4726928075154593,-1.8911507594120938,0.006770875933882425,-1.1999999999999997,-0.2666666666666666,-0.7,0.010822510822510845,107.03645780489012,65.03365256569509,10992.025882153263,0.033333333333333326,27.2698787342418,PM_105,c17,front,6,21,0.7848101265822784,1
70.20548416732184,108.67358768347522,178.87907185079706,178.7098766508554,53.093611382818764,125.66113198680777,1.1563171389244165,40.031734879398705,39.83502496166141,0.4679749804141711,3.0,1.6666666666666667,1.3333333333333333,1.2439024390243902,143.98654095538234,146.386270894632,7494.586454459152,0.43333333333333335,4.849879442355316,1.0,0.978067934513092,-1.0396764515798367,1.0719435720732662,0.4615933637082321,-0.13692807944823926,0.09886993474258077,0.08565288395077175,-0.0015824664792278842,-0.2375107472077005,-0.3649496598677189,0.02817695042787688,-0.2999999999999998,-0.33333333333333326,0.033333333333333215,-0.29663810151615033,11.293953239143661,0.9574434354701111,-655.5711646761838,0.033333333333333326,0.38850151821647216,PM_105,c18,side,6,4,0.8842105263157894,0
68.07241609911888,111.16676812770548,178.7098766508554,179.23918422682436,54.312610163833085,124.21294368397088,1.1173567944448857,37.76072810119359,37.204782411649575,0.47020781285318913,4.466666666666667,1.7666666666666666,2.7,0.6585365853658537,155.1552591695406,178.54126174728492,8058.143366799264,0.4,3.4028159797965714,1.0,0.978067934513092,-3.172744519782796,3.5651240163035283,0.29239816376656336,0.3923794965207321,1.3178687157569016,-1.3625354188861252,-0.04054281095875867,-2.508517525412813,-2.995192209879555,0.030409782866894886,1.166666666666667,-0.2333333333333334,1.4000000000000001,-0.8820039551746869,22.462671453301937,33.11243428812304,-92.01425233607188,0.0,-1.058561944342273,PM_105,c18,side,6,5,0.664179104477612,0
105.75787455901425,74.07969120570581,178.9943605233062,179.83756576472007,109.93308796407842,69.40510618531846,0.9368978873385571,16.949149945081547,16.478406691447972,0.16163601187658494,4.533333333333333,1.7,2.8333333333333335,0.6046511627906976,186.21445593895885,124.46968375862411,10742.798444798857,0.16666666666666666,20.162737297289283,1.0,0.978067934513092,34.512713940112576,-33.52195290569614,0.5768820362173699,0.9907610344164368,56.93834651600224,-56.17037291753854,-0.22100171806508728,-23.320095681524858,-23.721567930081157,-0.2781620181097093,1.2333333333333334,-0.30000000000000004,1.5333333333333334,-0.9358893777498429,53.52186822272017,-20.959143700537766,2592.6408256635204,-0.23333333333333336,15.701359373150439,PM_105,c18,half_profile,6,6,0.6985294117647058,0
109.90822211591697,69.9293436488031,179.83756576472007,179.7540730397936,117.11040364715429,61.78096890139879,0.8834770309252893,15.277796675116447,15.025834694569225,0.17771984856108025,3.433333333333333,1.4,2.033333333333333,0.6935483870967742,200.83041698901695,145.584041050503,12726.28011131617,0.43333333333333335,22.328388957234125,1.0,0.978067934513092,38.66306149701529,-37.672300462598855,1.4200872776312394,0.9072683094899787,64.1156621990781,-63.79451020145821,-0.27442257447835505,-24.991448951489957,-25.174139926959903,-0.262078181425214,0.1333333333333333,-0.6000000000000001,0.7333333333333332,-0.8469921534437663,68.13782927277828,0.15521359134112345,4576.122492180833,0.033333333333333326,17.86701103309528,PM_105,c18,half_profile,6,7,0.8125,0
98.69999757576801,81.0540754640256,179.7540730397936,179.64784841826443,104.6145408267065,74.40263812572917,0.9179382739212348,14.944048175564038,14.280191566004877,0.14986864764452992,2.7666666666666666,1.4,1.3666666666666667,1.0238095238095237,161.4125427642415,128.7878507143492,15282.247265189531,0.16666666666666666,12.831433779233436,1.0,0.978067934513092,27.45483695686633,-26.54756864737635,1.3365945527047813,0.8010436879607994,51.61979937863032,-51.172840977127834,-0.2399613314824095,-25.325197451042367,-25.919783055524253,-0.28992938234176435,-0.5333333333333332,-0.6000000000000001,0.06666666666666665,-0.5167310167310168,28.719955048002817,-16.64097674481269,7132.089646054195,-0.23333333333333336,8.370055855094591,PM_105,c18,half_profile,6,8,0.7980769230769231,0
102.10186305190564,77.54598536635879,179.64784841826443,179.4352627708796,110.47875464633415,67.92385365539806,0.8759170875771084,14.08914073927576,13.680478455184323,0.1698156336556263,3.566666666666667,1.6333333333333333,1.9333333333333333,0.847457627118644,183.48033260989482,129.1884385146102,12700.65244532726,0.3,16.523252313787268,1.0,0.978067934513092,30.85670243300396,-30.05565874504316,1.230369931175602,0.5884580405759721,57.48401319825797,-57.65162544745894,-0.28198251782653594,-26.180104887330646,-26.51949616634481,-0.26998239633066795,0.26666666666666705,-0.3666666666666667,0.6333333333333333,-0.6930829134218965,50.78774489365614,-16.240388944551682,4550.4948261919235,-0.10000000000000003,12.061874389648423,PM_105,c18,half_profile,6,9,0.8317757009345794,0
104.02046021961016,75.43378910873864,179.4352627708796,179.4542493283488,112.0137239596543,66.97812011850849,0.8879060817422122,13.053001775369998,13.053001775369998,0.19210255481463978,2.466666666666667,1.1333333333333333,1.3333333333333333,0.8536585365853658,144.77198315905255,147.83282292353675,13984.857866122587,0.16666666666666666,14.848160252426581,1.0,0.978067934513092,32.77529960070848,-32.167855002663316,1.0177842837907747,0.6074445980451628,59.018982511578116,-58.59735898434852,-0.26999352366143214,-27.216243851236406,-27.14697284615913,-0.24769547517165447,-0.833333333333333,-0.8666666666666667,0.033333333333333215,-0.6868820039551747,12.079395442813876,2.403995464374873,5834.700246987251,-0.23333333333333336,10.386782328287737,PM_105,c18,half_profile,6,10,0.8809523809523809,0
152.0749954289686,27.444251782966347,179.28598636775797,179.51924721193495,155.90318879627026,23.33269015225494,0.8501849617462224,15.03517166154207,15.03517166154207,0.12956309660430576,3.2,0.9666666666666667,2.2333333333333334,0.4411764705882353,52.32588730849244,81.00982666015682,4622.1728608032145,0.5333333333333333,25.194981727765196,1.0,0.978067934513092,80.82983481006693,-80.1573923284356,0.8685078806691422,0.6724424816313217,102.90844734819407,-102.24278895060206,-0.30771464365742196,-25.234073965064336,-25.16480295998706,-0.3102349333819885,-0.09999999999999964,-1.0333333333333332,0.9333333333333333,-1.0993640699523053,-80.36670040774624,-64.41900079900506,-3527.9847583321216,0.1333333333333333,20.73360380362635,PM_105,c18,half_profile,6,11,0.5121951219512195,1
113.23535763959333,66.66741593265937,179.51924721193495,179.9027735722527,110.61266204701859,68.8425781778442,1.0326270669824966,31.320864475134606,26.99707584463669,0.2605408605559044,4.466666666666667,2.1666666666666665,2.3,0.9428571428571428,194.82538198495774,85.02468753170604,10976.88293001027,0.16666666666666666,19.783947502895842,1.0,0.978067934513092,41.99019702069165,-40.934228178742586,1.1017687248461243,1.055968841949067,57.617920598942405,-56.7329009250128,-0.12527253842114772,-8.9483811514718,-13.20289877689244,-0.17925716943038983,1.166666666666667,0.16666666666666652,0.9999999999999998,-0.5976833976833977,62.13279426871907,-60.404139927455844,2826.7253108749337,-0.23333333333333336,15.322569578756998,PM_105,c18,half_profile,6,12,0.746268656716418,1
110.30168181580368,69.60109175644902,179.9027735722527,179.7155242523587,103.29024271118678,75.35928232432437,1.0827313253651918,29.38611397185879,28.027770203429345,0.2629944838228676,3.7333333333333334,1.4333333333333333,2.3,0.6285714285714286,165.16074638862108,88.23743151379887,14559.42706559228,0.43333333333333335,12.506922007639162,1.0,0.978067934513092,39.056521196902,-38.00055235495293,1.4852950851638695,0.8687195220550734,50.295501263110594,-50.216196778532634,-0.07516828003845255,-10.883131654747615,-12.172204418099785,-0.17680354616342664,0.43333333333333357,-0.5666666666666667,0.9999999999999998,-0.911969111969112,32.4681586723824,-57.19139594536301,6409.269446456943,0.033333333333333326,8.045544083500317,PM_105,c18,half_profile,6,13,0.8728813559322034,1
106.6434885330529,73.0720357193058,179.7155242523587,116.90865514185505,118.99186799020461,59.75442729471041,0.8177468535877008,22.59950021025419,22.39896906402717,0.383112234599662,1.6333333333333333,1.4333333333333333,0.2,6.285714285714286,162.82417396446334,106.53332598797704,23916.09076090489,0.16666666666666666,32.03154001607518,1.0,0.978067934513092,35.398327914151224,-34.52960839209615,1.298045765269876,-61.93814958844858,65.99712654212843,-65.82105180814659,-0.3401527518159435,-17.669745416352214,-17.80100555750196,-0.056685795386632265,-1.6666666666666665,-0.5666666666666667,-1.1,4.745173745173745,30.131586248224664,-38.89550147118484,15765.933141769556,-0.23333333333333336,27.57016209193634,PM_105,c18,half_profile,6,14,0.4298245614035088,1
107.06109094000468,72.64515405299849,138.08749686897556,179.70624499300317,85.23975468094719,93.43383987228577,1.2861675508888155,54.22549988387459,53.122272095122824,0.3789078246850466,2.4,0.16666666666666666,2.2333333333333334,0.08823529411764706,295.26141278155336,116.39706401081753,27815.130092363277,0.13333333333333333,11.176786876860106,1.0,0.978067934513092,35.815930321103,-34.95649005840346,-40.329981618113266,0.8594402626995361,32.245013232871,-32.14163923057123,0.12826794548517118,13.956254257268185,12.922297473593694,-0.06089020530124767,-0.8999999999999999,-1.8333333333333333,0.9333333333333333,-1.4523052464228936,162.56882506531468,-29.03176344834435,19664.972473227943,-0.2666666666666667,6.715408952721262,PM_105,c18,half_profile,6,15,0.5575221238938053,1
103.41425805690471,76.29198693609845,179.70624499300317,121.0455855662687,85.04977506166918,93.03750686315217,1.2194925129041354,44.420813886634136,41.56727603400419,0.23128406922796557,1.4,1.2333333333333334,0.16666666666666666,6.333333333333333,177.00242476029842,163.47440645292195,25927.467604161913,0.13333333333333333,27.928081595020345,1.0,0.978067934513092,32.169097438003035,-31.3096571753035,1.2887665059143387,-57.80121916403493,32.055033613593,-32.53797223970483,0.06159290750049107,4.15156826002773,1.367301412475058,-0.20851396075832868,-1.9,-0.7666666666666666,-1.1333333333333333,4.792792792792793,44.30983704405975,18.045578993760074,17777.30998502658,-0.2666666666666667,23.4667036708815,PM_105,c18,half_profile,6,16,0.47191011235955055,1
59.7368739074442,117.37231937424946,177.10919328169365,175.73864931048746,34.64061606601199,142.99322881327026,1.2182874938112693,55.72924578447871,55.72924578447871,0.37114495232507727,2.7666666666666666,1.5,1.2666666666666666,1.1794871794871795,137.0143662489852,161.4084882860061,8057.778356368867,0.36666666666666664,0.525257606010932,1.0,0.978067934513092,-11.50828671145748,9.770675262847504,-1.3082852053951797,-3.108155419816171,-18.354125382064197,17.41774971041326,0.06038788840762499,15.460000157872301,15.529271162949577,-0.06865307766121698,-0.5333333333333332,-0.5,-0.03333333333333344,-0.36105336105336105,4.321778532746521,15.979660826844224,-92.37926276646886,-0.03333333333333338,-3.9361203181279123,PM_105,c18,side,6,17,0.8210526315789474,1
69.43437667120061,110.50326693316028,175.73864931048746,179.9376436043609,36.2949047666607,143.5591402260254,1.2991393305399694,63.67540625369901,63.67540625369901,0.36900468267403586,3.1666666666666665,1.8666666666666667,1.3,1.425,128.63662521560428,166.52325915051676,8681.432439594542,0.43333333333333335,3.4437304740344246,1.0,0.978067934513092,-1.8107839477010685,2.9016228217583233,-2.6788291766013685,1.0908388740572548,-16.699836681415483,17.98366112316839,0.1412397251363251,23.406160627092603,23.47543163216988,-0.07079334731225839,-0.1333333333333333,-0.1333333333333333,0.0,-0.11554054054054053,-4.055962500634394,21.094431691354885,531.2748204592062,0.033333333333333326,-1.0176474501044197,PM_105,c18,side,6,18,0.803921568627451,1
47.35663485836666,132.5810087459942,179.9376436043609,179.87214568166996,41.301954294179886,136.97724039317188,1.0331588338990556,46.10812126919298,44.388779693867676,0.36832046792620654,3.3,2.033333333333333,1.2666666666666666,1.5897435897435896,187.53168378557447,190.88988861480345,9459.500449413295,0.5333333333333333,1.3389964413333146,1.0,0.978067934513092,-23.888525760535018,24.979364634592258,1.5201651172720574,1.0253409513663314,-11.692787153896298,11.40176129031488,-0.12474077150458873,5.838875642586572,4.188805072338546,-0.07147756206008771,0.0,0.033333333333333215,-0.03333333333333344,0.049203049203049076,54.839096069335795,45.46106115564157,1309.3428302779594,0.1333333333333333,-3.1223814828055296,PM_105,c18,side,6,19,0.8504672897196262,1
47.89146109576858,132.0478955223445,179.87214568166996,179.9393566181131,38.27369336545204,140.18228601893284,1.0616018185250962,48.49460046941577,47.88369433910809,0.3956513946706593,3.4,1.8333333333333333,1.5666666666666667,1.1666666666666667,141.18682068663702,159.05849803577723,8881.601265419153,0.4,1.550780969264693,1.0,0.978067934513092,-23.353699523133102,24.44625141094255,1.454667194581134,1.0925518878094636,-14.721048082624144,14.60680691607584,-0.09629778687854817,8.225354842809367,7.68371971757896,-0.04414663531563495,0.10000000000000009,-0.16666666666666674,0.2666666666666666,-0.37387387387387383,8.494232970398343,13.629670576615354,731.4436462838166,0.0,-2.9105969548741513,PM_105,c18,side,6,20,0.8611111111111112,1
46.29451604735793,133.64484057075515,179.9393566181131,179.67242550540254,38.37361818784238,141.4670865277705,1.0585301005531451,49.222833691221226,48.63480956833077,0.3956513946706593,2.8333333333333335,1.7333333333333334,1.1,1.5588235294117647,166.26112405355897,249.55406585296998,14187.16930051325,0.43333333333333335,1.5545975325943573,1.0,0.978067934513092,-24.950644571543748,26.043196459353197,1.5218781310242662,0.825620775098912,-14.621123260233801,15.891607424913502,-0.09936950485049922,8.95358806461482,8.434834946801644,-0.04414663531563495,-0.46666666666666634,-0.2666666666666666,-0.19999999999999996,0.01828298887122415,33.568536337320296,104.1252383938081,6037.011681377913,0.033333333333333326,-2.906780391544487,PM_105,c18,side,6,21,0.9069767441860465,1
126.23038941750777,53.3254929579697,179.0824405290345,179.55588237547747,129.9887335310765,37.76883839528793,0.7082698405630629,12.66710287564759,5.520627246790626,0.2754493257700103,4.9,3.466666666666667,1.4333333333333333,2.3863636363636362,57.4553175096392,67.52864292689708,4502.229871564452,0.6,24.625375987131306,1.0,0.9971692562103271,-15.408575677252415,15.436136617288938,-0.44588090640644396,0.2786610260670557,-11.345388106969523,13.72875811424089,0.13946318501305255,-0.5967008376018299,1.4683524375354038,0.029831337077277004,2.1333333333333337,1.8333333333333335,0.30000000000000004,1.329220779220779,-6.773834228515341,14.087778066659382,-592.8420757696667,0.033333333333333326,5.254452858136304,PM_113,c17,front,8,4,0.6923076923076923,0
112.66768028622567,66.88820208925179,179.55588237547747,179.18712619269542,118.61283355977096,49.35318498487587,0.7378458897582835,12.710050046185891,5.513613729765913,0.2899146916030285,5.0,3.6,1.4,2.5348837209302326,101.68688984660321,115.93423422280836,4363.961617923208,0.5333333333333333,13.124335350928362,1.0,0.9971692562103271,-28.971284808534506,28.99884574857103,0.027560940036522652,-0.09009515671499457,-22.72128807827505,25.313104703828827,0.16903923420827316,-0.5537536670635284,1.4613389205106904,0.04429670291029522,2.2333333333333334,1.9666666666666668,0.2666666666666666,1.4777408637873755,37.457738108448666,62.49336936257066,-731.1103294109107,-0.033333333333333326,-6.24658777806664,PM_113,c17,front,8,5,0.7175141242937854,0
125.88925798424377,53.48058837626395,179.36984636050772,178.9248721300263,122.50020602667988,44.178338385247486,0.8260630581404552,12.86969634051961,6.4480744935733325,0.34246098543658354,3.466666666666667,2.566666666666667,0.9,2.7857142857142856,165.79955262023105,209.48198194627537,14405.108502607101,0.23333333333333334,24.70295170375276,1.0,0.9971692562103271,-15.749707110516411,15.59123203558319,-0.15847507493322155,-0.35234921938410935,-18.833915611366137,20.138258104200446,0.2572564025904449,-0.39410737272980967,2.39579968431811,0.09684299674385025,0.7000000000000002,0.9333333333333336,-0.23333333333333328,1.7285714285714284,101.57040088207651,156.04111708603767,9310.036555272982,-0.3333333333333333,5.332028574757757,PM_113,c17,front,8,7,0.7652173913043478,1
157.39839357318277,22.275465135450474,179.67385870863325,178.49283715450377,144.4136596943907,19.64546012052722,0.8819326555503565,11.323572092758097,8.751614826582198,0.36442892182440934,1.6,0.5333333333333333,1.0666666666666667,0.5151515151515151,77.62316022600345,39.38308517654235,7085.521221916728,0.26666666666666666,18.77876433665614,1.0,0.9971692562103271,15.759428478422592,-15.613891205230289,0.14553727319230347,-0.7843841949066359,3.0795380563446884,-4.394620160519821,0.3131260000003462,-1.940231620491323,4.699340017326976,0.11881093313167604,-1.1666666666666665,-1.1,-0.06666666666666665,-0.541991341991342,13.394008487848907,-14.057779683695344,1990.4492745826092,-0.3,-0.5921587923388643,PM_113,c17,front,8,8,0.46153846153846156,1
154.45372042305002,25.54982529677352,179.46338993749552,180.00354571982353,139.63682787346096,25.44452188334938,0.995878507496588,12.233396554922113,10.843431324153736,0.38978947963549404,1.1666666666666667,0.7333333333333333,0.43333333333333335,1.6428571428571428,88.34176992441172,119.80779276265679,15772.678139827769,0.23333333333333334,11.986450195312443,1.0,0.9971692562103271,12.814755328289834,-12.339531043907243,-0.06493149794542319,0.7263243704131241,-1.697293764585055,1.4044416023023416,0.4270718519465777,-1.0304071583273071,6.791156514898513,0.14417149094276074,-1.5999999999999999,-0.9,-0.7,0.5857142857142856,24.11261818625718,66.36692790241909,10677.606192493651,-0.3333333333333333,-7.384472933682559,PM_113,c17,front,8,10,0.33653846153846156,1
88.26105390276214,91.29829684170798,174.22107230842863,179.55935074447012,64.60385088899943,115.09748685101908,1.2606750709772154,42.13474323223158,39.38573158561404,0.222089524909015,3.7333333333333334,1.5666666666666667,2.1666666666666665,0.7272727272727273,101.65966281643165,136.91146355170702,7805.085397886163,0.4666666666666667,2.350912482191461,1.0,0.9971692562103271,-53.37791119199804,53.40894050102722,-5.307249127012312,0.28212939505971235,-76.73027074904658,91.05740656997204,0.6918684154272051,28.87093951898216,35.333456776358815,-0.023528463783718284,0.9666666666666668,-0.06666666666666665,1.0333333333333332,-0.32987012987012987,37.43051107827711,83.47059869146932,2710.0134505520446,-0.09999999999999998,-17.02001064680354,PM_113,c17,half_profile,8,11,0.8661417322834646,0
82.313649660581,97.24570108388912,179.55935074447012,177.77341662650474,67.9671810199687,111.441804795038,1.1459818125934698,29.28569088560158,28.09051712663655,0.20390864490688593,6.633333333333334,3.7666666666666666,2.8666666666666667,1.3103448275862069,119.00201079133211,132.90017066063783,6116.9844406572265,0.4666666666666667,5.890100289216804,1.0,0.9971692562103271,-59.325315434179174,59.35634474320835,0.03102930902917933,-1.5038047229056701,-73.36694061807731,87.40172451399096,0.5771751570434595,16.02188717235216,24.038242317381325,-0.04170934378584737,3.866666666666667,2.1333333333333333,1.7333333333333334,0.2532019704433497,54.77285905317757,79.45930580040013,1021.9124933231078,-0.09999999999999998,-13.480822839778199,PM_113,c17,half_profile,8,12,0.6532663316582915,0
97.50493493018199,82.39003651276285,177.77341662650474,179.89497144294484,76.54527916846327,101.23392443636264,1.2287156156397714,31.422982913591085,31.273246393575253,0.1702514906853306,4.9,2.3,2.6,0.8860759493670886,76.97040706485922,105.24750350357621,6500.636314749607,0.4666666666666667,12.710781378147388,1.0,0.9971692562103271,-44.13403016457819,44.500680172082085,-1.7549048089362032,0.6177500935344256,-64.78884246958275,77.1938441553156,0.6599089600897611,18.159179200341665,27.22097158432003,-0.0753664980074027,2.1333333333333337,0.6666666666666665,1.4666666666666668,-0.1710669077757686,12.741255326704675,51.806638643338516,1405.564367415488,-0.09999999999999998,-6.660141750847615,PM_113,c17,half_profile,8,13,0.9473684210526315,0
93.71355107955588,86.18142036338895,179.89497144294484,175.71355051808519,71.58893879151438,106.02340552920373,1.230235067862074,35.873604167591395,34.48805859388206,0.1921668626142268,5.066666666666666,2.3333333333333335,2.7333333333333334,0.8554216867469879,96.24113206739509,112.13314898602306,7745.870373391232,0.5666666666666667,13.01391324129969,1.0,0.9971692562103271,-47.9254140152043,48.29206402270819,0.36665000750389254,-3.5636708313252257,-69.74518284653163,81.98332524815669,0.6614284123120636,22.609800454341975,30.435783784626835,-0.053451126078506495,2.3,0.7000000000000002,1.6,-0.20172117039586923,32.011980329240544,58.69228412578536,2650.798426057113,0.0,-6.3570098876953125,PM_113,c17,half_profile,8,14,0.9545454545454546,0
90.31244768415166,87.97031769195146,175.71355051808519,178.28276537610313,74.34050697888121,104.64588066200143,1.189558971793683,30.591300237746424,27.646591277349522,0.17642144852386382,5.833333333333333,2.533333333333333,3.3,0.77,116.55645593420232,108.7395180045786,6668.654326746779,0.36666666666666664,11.098050534467149,1.0,0.9971692562103271,-51.32651741060852,50.0809613512707,-3.8147709173557587,-0.9944559733072822,-66.9936146591648,80.60580038095439,0.6207523162436727,17.327496524497004,23.5943164680943,-0.06919654016886947,3.0666666666666664,0.8999999999999999,2.1666666666666665,-0.28714285714285714,52.32730419604778,55.2986531443409,1573.58237941266,-0.2,-8.272872594527854,PM_113,c17,half_profile,8,15,0.8659217877094972,0
94.18903869364672,85.46245941558428,178.28276537610313,179.651498109231,74.21061617368217,102.95041438511426,1.2046273309838895,36.7674291536405,33.97139692100091,0.19898729593980852,4.2,2.1333333333333333,2.066666666666667,1.0317460317460319,75.60416679877619,93.80890982491621,8812.89062817022,0.6333333333333333,9.528020553258585,1.0,0.9971692562103271,-47.44992640111346,47.573103074903514,-1.2455560593378152,0.3742767598205887,-67.12350546436384,78.91033410406722,0.6358206754338792,23.50362544039108,29.919122111745686,-0.04663069275292478,1.4333333333333336,0.5,0.9333333333333336,-0.025396825396825307,11.37501506062165,40.36804496467852,3717.8186808361015,0.06666666666666665,-9.842902575736417,PM_113,c17,half_profile,8,16,0.8275862068965517,0
77.69484852712381,97.19426968396985,174.88911821109366,172.2722443419615,64.09619599709771,113.67469209613205,1.1695616672232714,28.5014347555317,28.15650663334566,0.17080096394081629,5.6,3.933333333333333,1.6666666666666667,2.3333333333333335,150.51996503557461,203.59111934513194,11797.40901541946,0.36666666666666664,0.4914552432634025,1.0,0.9971692562103271,-63.94411656763637,59.30491334328909,-4.639203224347284,-7.0049770074489,-77.2379256409483,89.63461181508501,0.6007550116732611,15.237631042282281,24.104231824090437,-0.07481702475191701,2.833333333333333,2.3,0.5333333333333334,1.2761904761904763,86.29081329742007,150.15025448489425,6702.337068085341,-0.2,-18.8794678857316,PM_113,c17,half_profile,8,17,0.5357142857142857,0
83.68311795321367,91.38584734763921,172.2722443419615,175.06896530085288,61.86506017049145,116.66161569372385,1.2765829620196392,34.91078400715084,34.23835551274283,0.14845816313704352,5.333333333333333,2.6666666666666665,2.6666666666666665,1.0,120.56431163441019,155.13047949060166,10027.210164352633,0.5666666666666667,8.3491761508958,1.0,0.9971692562103271,-57.95584714154651,53.49649100695845,-7.256077093479433,-4.20825604855753,-79.46906146755457,92.6215354126768,0.7077763064696289,21.646980293901418,30.186080703487605,-0.09715982555568978,2.5666666666666664,1.0333333333333332,1.5333333333333332,-0.05714285714285716,56.33515989625565,101.68961463036396,4932.138217018514,0.0,-11.021746978099202,PM_113,c17,half_profile,8,18,0.59375,0
82.34338293034266,95.8680002451974,175.06896530085288,178.21138317554005,62.71360876240247,115.56355300506972,1.2054444935692605,34.965158454267446,31.703769609525562,0.1497377302997554,3.8666666666666667,2.2,1.6666666666666667,1.3137254901960784,122.4172894366373,181.96930526138857,12825.63612351676,0.5333333333333333,7.611025921710123,1.0,0.9971692562103271,-59.295582164417524,57.97864390451663,-4.459356134588063,-1.065838173870361,-78.62051287564354,91.52347272402268,0.6366378380192502,21.701354741018026,27.65149480027034,-0.0958802583929779,1.1,0.5666666666666669,0.5333333333333334,0.25658263305322127,58.18813769848276,128.52844040115087,7730.564176182642,-0.033333333333333326,-11.75989720728488,PM_113,c17,half_profile,8,19,0.8991596638655462,0
83.97133953540344,95.95494921795722,178.21138317554005,179.92628875336067,63.40468788972656,114.9909220443658,1.1983844812753666,40.09576980788981,40.03954288763396,0.1818303717421244,3.933333333333333,2.1333333333333333,1.8,1.1818181818181819,93.49116436846714,183.49583613408043,14930.1563638255,0.4,3.021004614891936,1.0,0.9971692562103271,-57.667625559356736,58.06559287727646,-1.316938259900894,0.6490674039502551,-77.92943374831945,90.95084176331876,0.6295778257253563,26.83196609464039,35.98726807837873,-0.06378761695060889,1.1666666666666665,0.5,0.6666666666666667,0.12467532467532472,29.262012630312597,130.05497127384274,9835.08441649138,-0.16666666666666663,-16.349918514103067,PM_113,c17,half_profile,8,20,0.8389830508474576,0
82.767949983671,97.41950054086118,179.96926252356832,180.18745052453218,64.83975460828631,114.67084912717067,1.177083114679629,38.09265432316498,32.734124955676805,0.1819526494774981,5.0,3.0,2.0,1.4918032786885247,118.75301509708493,154.71158213429632,14112.111283968836,0.8,6.779043222402592,1.0,0.9971692562103271,-58.87101511108918,59.530144200180416,0.4409410881273743,0.9102291751217706,-76.4943670297597,90.63076884612363,0.6082764591296187,24.82885060991556,28.68185014642158,-0.0636653392152352,2.2333333333333334,1.3666666666666667,0.8666666666666667,0.43466042154566753,54.523863358930384,101.27071727405863,9017.039336634716,0.2333333333333334,-12.59187990659241,PM_113,c17,half_profile,8,22,0.6666666666666666,0
82.2232177205931,96.79802687343566,179.02124459402876,176.94304904690011,50.828760634252966,129.09542742642472,1.3336576332823211,51.02842740475866,49.000063082872465,0.39788121436581414,5.0,2.6666666666666665,2.3333333333333335,1.1408450704225352,86.39164614987067,94.51338235433994,5936.853674262194,0.6333333333333333,2.2837948159221924,1.0,0.9902204871177673,-7.334624616614647,6.81654731122957,-0.5180773053850771,-2.596272852513721,-6.732623987899707,7.189590437587725,-0.02113045846672512,-1.0434771616221497,0.5287964891045647,-0.028923213739931786,0.36666666666666625,0.16666666666666652,0.5000000000000002,-0.03772635814889336,-6.1439405168805195,0.5062895935857625,457.5479556588907,-0.16666666666666674,-1.209210911870528,PM_113,c18,side,8,4,0.9266666666666666,0
64.2971993318367,115.78311467686756,179.95485901935768,180.08031400870425,56.01121076773764,124.31373769586718,1.0736776087152884,45.02032378225609,44.880713623839476,0.4063307113977732,5.3,3.2666666666666666,2.033333333333333,1.596774193548387,139.15026776202296,155.3403344092422,6005.306113344077,0.5,3.3909706677193157,1.0,0.9902204871177673,-25.26064300537105,25.801635114661465,0.4155371199438491,0.5409921092904142,-1.5501738544150356,2.40790070703018,-0.28111048303375785,-7.051580784124717,-3.5905529699284244,-0.02047371670797271,0.6666666666666661,0.7666666666666666,0.19999999999999996,0.4182027649769584,46.61468109527178,61.33324164848801,526.000394740774,-0.30000000000000004,-0.10203506007340479,PM_113,c18,side,8,6,0.5660377358490566,1
69.08403976242255,110.9962742462817,180.08031400870425,172.34365025640028,48.67771254370216,131.64723591990264,1.1860509446272043,47.15442188477613,46.05261600378782,0.3763494859268134,3.3,1.7333333333333334,1.5666666666666667,1.1041666666666667,97.86404498211738,127.33546566653601,8654.001968430839,0.4,0.2123084790778762,1.0,0.9902204871177673,-20.473802574785196,21.01479468407561,0.5409921092904142,-7.195671643013554,-8.883672078450516,9.741398931065646,-0.16873714712184196,-4.917482681604682,-2.418650589980082,-0.05045494217893254,-1.333333333333334,-0.7666666666666666,-0.2666666666666666,-0.07440476190476186,5.328458315366191,33.32837290578183,3174.696249827536,-0.4,-3.2806972487148442,PM_113,c18,side,8,7,0.8333333333333334,1
63.31944601876386,114.11651991146451,172.34365025640028,177.43596593022838,56.84836150660652,120.72306818776298,1.0578930051619524,40.164828428458286,39.8114115066858,0.37621628451140876,3.3,1.8333333333333333,1.4666666666666666,1.2444444444444445,100.93268555480151,150.6106131417411,7082.945335930973,0.5,3.5145105469278306,1.0,0.9902204871177673,-26.238396318443883,24.135040349258418,-7.195671643013554,-2.1033559691854578,-0.7130231155461502,-1.182768801074019,-0.29689508658709385,-11.907076137922523,-8.6598550870821,-0.050588143594337165,-1.333333333333334,-0.6666666666666667,-0.3666666666666667,0.06587301587301586,8.397098888050323,56.603520380986936,1603.6396173276698,-0.30000000000000004,0.021504819135110154,PM_113,c18,side,8,8,0.897196261682243,1
60.84447538697866,117.86866083186409,177.43596593022838,178.71313621884275,57.454474940444406,122.38723414697671,1.038335663468326,43.37574059622622,41.717557205266196,0.3844965194468885,3.933333333333333,1.9333333333333333,2.0,0.9672131147540983,99.28737095424083,131.63542214926167,7942.05469385833,0.36666666666666664,3.3062809865712097,1.0,0.9902204871177673,-28.713366950229087,27.887181269658,-2.1033559691854578,-0.8261856805710863,-0.10690968170826665,0.48139715813971407,-0.3164524282807202,-8.696163970154586,-6.753709388501704,-0.04230790865885742,-0.7000000000000006,-0.5666666666666667,0.16666666666666674,-0.21135831381733028,6.751784287489642,37.628329388507495,2462.7489752550273,-0.4333333333333334,-0.18672474122151073,PM_113,c18,side,8,9,0.8916666666666667,1
59.00052160618101,119.98493075680408,178.71313621884275,178.9854523629851,54.86728319770838,122.76927299004078,1.0232057660547411,43.9771108916311,42.45516800983638,0.4043963257368503,3.6666666666666665,1.6,2.066666666666667,0.7777777777777778,105.50082516360547,134.9465982016025,8636.18329689197,0.4,1.4627230920832872,1.0,0.9902204871177673,-30.557320731026735,30.003451194597986,-0.8261856805710863,-0.5538695364287491,-2.694101424444291,0.8634360012037803,-0.3315823256943051,-8.09479367474971,-6.016098583931523,-0.02240810236889562,-0.9666666666666672,-0.8999999999999999,0.23333333333333361,-0.4007936507936508,12.965238496854283,40.939505440848336,3156.877578288667,-0.4,-2.0302826357094332,PM_113,c18,side,8,10,0.7833333333333333,1
93.94427969135751,82.08073540889845,139.40441745906662,176.02501510025596,89.3492777440454,90.11436062767379,1.0978746739871974,29.237091056196164,27.54999549667553,0.1583308989577219,3.1,0.36666666666666664,2.7333333333333334,0.14457831325301204,312.9230816333319,181.73323098715173,21424.63890553316,0.26666666666666666,6.703209055450571,1.0,0.9902204871177673,4.386437354149763,-7.900744153307642,-40.13490444034721,-3.514306799157879,31.787893121892722,-31.791476361163205,-0.25691341776184884,-22.834813510184645,-20.921271097092372,-0.268473529148024,-1.5333333333333337,-2.1333333333333333,0.9000000000000001,-1.0339931153184165,220.3874949665807,87.72613822639755,15945.333186929856,-0.5333333333333334,3.210203327657851,PM_113,c18,half_profile,8,11,0.503448275862069,0
74.94691288935664,101.63824390229709,176.02501510025596,176.58515679165373,79.01806772735716,99.99266481605946,0.9838094498383946,24.22414195898804,23.664964114432692,0.2524783817720616,5.9,3.2666666666666666,2.6333333333333333,1.2375,216.62579028637325,206.8843019163451,14814.250841650366,0.2,10.297102824950088,1.0,0.9902204871177673,-14.610929447851106,11.656764340091001,-3.514306799157879,-2.9541651077601045,21.45668310520449,-21.913172172777536,-0.37097864191065166,-27.84776260739277,-24.80630247933521,-0.17432604633368431,1.2666666666666666,0.7666666666666666,0.8,0.05892857142857144,124.09020361962206,112.87720915559092,9334.945123047062,-0.6000000000000001,6.804097097157367,PM_113,c18,half_profile,8,12,0.7344632768361582,0
96.86864009047986,79.71651670117387,176.58515679165373,176.07688950047327,92.88234446471891,87.23708587910694,1.0943414174270152,25.01441674005414,24.238339453032488,0.14635070065012207,4.966666666666667,2.533333333333333,2.433333333333333,1.0405405405405406,113.80134285270401,239.0409831257601,15732.253533356428,0.3333333333333333,8.844320057790497,1.0,0.9902204871177673,7.310797753272112,-10.264962861032217,-2.9541651077601045,-3.462432398940564,35.32095984256624,-34.66875110973005,-0.26044667432203106,-27.057487826326668,-24.232927140735413,-0.28045372745562386,0.33333333333333304,0.033333333333333215,0.5999999999999999,-0.13803088803088803,21.265756185952824,145.03389036500593,10252.947814753126,-0.46666666666666673,5.351314329997777,PM_113,c18,half_profile,8,13,0.9866666666666667,0
110.82309263815596,65.83905537923168,176.07688950047327,176.66214801738764,108.66451012417338,70.2514494858778,1.0670178829454768,24.216689113930673,23.040828234189483,0.13406090494809708,3.3333333333333335,2.433333333333333,0.9,2.642857142857143,169.1362673276427,166.03559221540166,21146.653472082544,0.26666666666666666,30.47390188902483,1.0,0.9902204871177673,21.26525030094821,-24.14242418297441,-3.462432398940564,-2.8771738820261987,51.1031255020207,-51.654387502959196,-0.2877702088035694,-27.855215452450135,-25.430438359578417,-0.29274352315764884,-1.3000000000000003,-0.06666666666666687,-0.9333333333333332,1.4642857142857142,76.60068066089153,72.02849945464749,15667.34775347924,-0.5333333333333334,26.98089616123211,PM_113,c18,half_profile,8,14,0.6711409395973155,0
89.73144488314,87.16794757925575,176.66214801738764,176.89939246239575,89.9881788972135,89.37685883096789,1.0253408656857927,28.092404014620392,25.930751924390883,0.23905704321250992,6.566666666666666,4.266666666666667,2.3,1.8428571428571427,259.41548236004667,290.486880215731,21239.252768992857,0.3,14.773403580570616,1.0,0.9902204871177673,0.17360254593225477,-2.8135319829503374,-2.8771738820261987,-2.6399294370180826,32.42679427506083,-32.528978157869105,-0.3294472260632535,-23.979500551760417,-22.540514669377018,-0.187747384893236,1.9333333333333327,1.7666666666666666,0.46666666666666656,0.6642857142857141,166.87989569329548,196.47978745497682,15759.947050389554,-0.5,11.280397852777895,PM_113,c18,half_profile,8,15,0.7033492822966507,0
99.35712842404571,78.74616518887596,130.70209123355468,178.10329361292168,97.56340423187638,81.47446299631349,1.0346467386810976,27.950130082828103,26.71084816012028,0.21233311895426188,4.366666666666666,0.23333333333333334,4.133333333333334,0.064,235.8898678073632,245.09711426573858,28878.471602288613,0.26666666666666666,13.158479599725624,1.0,0.9902204871177673,9.799286086837967,-11.235314373330127,-48.83723066585915,-1.43602828649216,40.0020196097237,-40.431373992523504,-0.32014135306794866,-24.121774483552706,-21.760418433647622,-0.21447130915148405,-0.2666666666666675,-2.2666666666666666,2.3000000000000007,-1.1145714285714285,143.35428114061202,151.0900215049844,23399.16588368531,-0.5333333333333334,9.665473871932903,PM_113,c18,half_profile,8,16,0.34328358208955223,0
78.07695694299994,97.378923160173,175.45588010317294,172.6222470105982,91.92933014048114,86.45709003927377,0.8878419193141565,24.6945958901277,22.68705061710239,0.307535586354536,5.2,3.6333333333333333,1.5666666666666667,2.2916666666666665,179.8460130567672,178.2212621515444,15811.26604080535,0.16666666666666666,22.670148411870457,1.0,0.9902204871177673,-11.480885394207803,7.397443597966912,-4.083441796240891,-6.917074888815648,34.36794551832847,-35.44874694956323,-0.4669461724348898,-27.377308676253108,-25.78421597666551,-0.11926884175120994,0.5666666666666664,1.1333333333333333,-0.2666666666666666,1.113095238095238,87.310426390016,84.21416939079023,10331.960322202049,-0.6333333333333334,19.177142684077737,PM_113,c18,half_profile,8,17,0.5769230769230769,0
84.47390809822897,90.9529746910193,172.6222470105982,175.42688278924828,89.95400839140908,88.93731976793944,0.9778384936839356,23.424114029128795,22.103383795007453,0.23465791222078944,5.433333333333334,2.966666666666667,2.466666666666667,1.2,136.4607991800679,155.18390308726921,10933.324935674309,0.4,8.457218021541422,1.0,0.9902204871177673,-5.08393423897877,0.971495128813217,-6.917074888815648,-4.112439110165553,32.3926237692564,-32.96851722089755,-0.37694959806511064,-28.647790537252014,-26.367882798760448,-0.1921465158849565,0.7999999999999998,0.4666666666666668,0.6333333333333335,0.021428571428571352,43.92521251331672,61.17681032651504,5454.019217071006,-0.4,4.964212293748702,PM_113,c18,half_profile,8,18,0.5828220858895705,0
89.82395046613937,86.48667091931088,175.42688278924828,176.31062138545025,87.2828683564156,90.6145329991459,1.0477283035172689,23.90009550614787,23.494690800125948,0.1743865222125856,3.933333333333333,1.9,2.033333333333333,0.9354838709677419,129.58002759264645,110.28767870618125,11322.356971941828,0.26666666666666666,5.949425932648893,1.0,0.9902204871177673,0.26610812893162006,-3.494808642895208,-4.112439110165553,-3.228700513963588,29.721483734262932,-31.2913039896911,-0.3070597882317774,-28.17180906023294,-24.976575793641953,-0.2524179058931603,-0.7000000000000006,-0.6000000000000001,0.19999999999999996,-0.24308755760368672,37.04444092589526,16.280585945427077,5843.051253338525,-0.5333333333333334,2.4564202048561725,PM_113,c18,half_profile,8,19,0.9,0
102.6088716250992,75.05745868765422,176.31062138545025,177.66633031275342,98.66644098851575,80.5490949556424,1.0731657634565168,32.5806679003166,32.4691077641078,0.26170244980684054,4.366666666666666,1.9333333333333333,2.433333333333333,0.7972972972972973,97.6933724539623,105.08041778168092,8372.141046493212,0.36666666666666664,14.856507833901901,1.0,0.9902204871177673,13.051029287891453,-14.924020874551871,-3.228700513963588,-1.8729915866604188,41.10505636636307,-41.35674203319459,-0.2816223282925294,-19.49123666606421,-16.002158829660104,-0.16510197829890538,-0.2666666666666675,-0.5666666666666667,0.5999999999999999,-0.38127413127413134,5.157785787211111,11.073325020926745,2892.8353278899094,-0.4333333333333334,11.36350210610918,PM_113,c18,half_profile,8,20,0.7557251908396947,0
84.08931329240002,93.5770170203534,177.66633031275342,177.47258233404756,88.84429006865518,90.09369715570874,0.9627759040033621,29.032657582006372,28.656007989660445,0.33802177715095044,4.0,1.8,2.2,0.8208955223880597,106.64593783291963,105.220646053166,10365.020649487038,0.4,0.38630303056726234,1.0,0.9902204871177673,-5.468529044807724,3.595537458147305,-1.8729915866604188,-2.0667395653662766,31.28290544650251,-31.812139833128256,-0.39201218774568414,-23.039246984374437,-19.815258604107456,-0.08878265095479548,-0.6333333333333337,-0.7,0.3666666666666669,-0.35767590618336886,14.110351166168442,11.21355329241183,4885.714930883735,-0.4,-3.106702697225458,PM_113,c18,half_profile,8,21,0.8604651162790697,0
87.15550588632547,90.5869011817039,177.47258233404756,177.74240706802937,85.42857152765436,92.70305798683319,1.0233605165595034,26.15313442444901,24.30040633626827,0.26625262910411435,4.566666666666666,2.533333333333333,2.033333333333333,1.2419354838709677,99.21145154284119,110.93607716746078,24058.344186508803,0.5,11.256109361524693,1.0,0.9902204871177673,-2.4023364508822738,0.6054216194978039,-2.0667395653662766,-1.7969148313844698,27.867186905501683,-29.20277900200381,-0.3314275751895428,-25.918770141931798,-24.17086025749963,-0.16055179900163158,-0.06666666666666732,0.033333333333333215,0.19999999999999996,0.06336405529953915,6.675864876090003,16.928984406706604,18579.0384679055,-0.30000000000000004,7.763103633731973,PM_113,c18,half_profile,8,22,0.7299270072992701,0
118.71212666168857,60.85625827673702,177.05410456141328,179.5683849384256,102.55920030337893,76.00158694709009,1.2488705204562756,28.664986738394823,28.298047986381455,0.2862196842055296,2.966666666666667,1.7666666666666666,1.2,1.4594594594594594,84.39367715414477,100.74254320813509,10796.275931267497,0.36666666666666664,8.36084810067048,1.0,0.9959632158279419,2.490322360744713,-2.640168755601465,-2.3181967466940705,0.19608363031824183,-9.536507643662475,10.38522051526354,0.2371904376831293,4.886086930444222,4.623465492611828,-0.004818671838545674,-0.6333333333333333,-0.2333333333333334,0.033333333333333215,0.11570945945945943,-10.145559930181776,3.0056891503278393,1668.475403764931,-0.10000000000000003,-5.648523966471359,PM_118,c17,half_profile,9,15,0.65625,0
120.40752232539171,59.160862613033885,179.5683849384256,178.96449946944307,100.53265086912992,77.6920491338291,1.3132338796681535,31.731730324881376,31.547370117980122,0.291164038759289,2.966666666666667,1.5,1.4666666666666666,1.0222222222222221,84.56473610617877,78.90204293387228,8635.158756394309,0.5,7.757369896034106,1.0,0.9959632158279419,4.185718024447851,-4.335564419304603,0.19608363031824183,-0.4078018386642839,-11.56305707791148,12.075682702002553,0.3015537968950073,7.952830516930774,7.8727876242104955,0.0001256827152136819,-0.6333333333333333,-0.5,0.2999999999999998,-0.32152777777777786,-9.974500978147773,-18.83481112393497,-492.6417711082577,0.033333333333333326,-6.252002171107733,PM_118,c17,half_profile,9,16,0.8350515463917526,0
113.07899650144356,65.89995720272964,178.96449946944307,178.9789537041732,93.84264756900394,84.89677141858373,1.288267474247574,32.04947700335345,31.961975997660538,0.2755667049905435,2.9,1.5666666666666667,1.3333333333333333,1.170731707317073,83.33245215477945,97.31728690011039,10552.89859055912,0.3333333333333333,7.40481369216721,1.0,0.9959632158279419,-3.1428077995003036,2.40353017039115,-0.4078018386642839,-0.3933476039341599,-18.25306037803746,19.280404986757176,0.2765873914744277,8.27057719540285,8.287393503890911,-0.01547165105353182,-0.7000000000000002,-0.43333333333333335,0.16666666666666652,-0.1730182926829269,-11.206784929547098,-0.4195671576968607,1425.0980630565537,-0.13333333333333336,-6.60455837497463,PM_118,c17,half_profile,9,17,0.8863636363636364,0
106.23204942183045,73.25998218751047,178.9789537041732,179.49203160934093,86.29191628988676,92.39365185494017,1.261174915637526,34.42545414383788,34.15912738816558,0.29259088029077,2.3,1.2666666666666666,1.0333333333333334,1.21875,101.01865000538965,115.43595945680266,12615.899326490831,0.3333333333333333,2.197944310836448,1.0,0.9959632158279419,-9.989754879113406,9.763555155171986,-0.3933476039341599,0.11973030123357375,-25.803791657154648,26.777285423113625,0.2494948328643798,10.64655433588728,10.484544894395952,0.0015525242466947198,-1.3000000000000003,-0.7333333333333334,-0.1333333333333333,-0.125,6.479412921063101,17.699105398995414,3488.098798988265,-0.13333333333333336,-11.811427756305392,PM_118,c17,half_profile,9,18,0.9436619718309859,0
99.21325888365365,80.42802224427578,179.49203160934093,179.64128112792943,87.57879869865636,90.22485113763176,1.1218086510147058,36.610171132273436,36.23510316130398,0.29366336343608335,2.566666666666667,1.7,0.8666666666666667,1.9259259259259258,169.66198413402992,153.31042896617447,14027.849787764419,0.26666666666666666,6.9017211121398105,1.0,0.9959632158279419,-17.008545417290208,16.931595211937292,0.11973030123357375,0.2689798198220785,-24.516909248385048,24.60848470580521,0.11012856824155959,12.831271324322834,12.560520667534355,0.0026250073920080497,-1.0333333333333332,-0.30000000000000004,-0.30000000000000004,0.5821759259259258,75.12274704970338,55.57357490836722,4900.049260261852,-0.2,-7.107650955002029,PM_118,c17,half_profile,9,19,0.632183908045977,1
102.36798201391693,77.2732991140125,179.64128112792943,179.55622586336978,92.07444631072853,87.66043520180166,1.1344207663822339,35.08725162192336,34.75831939234873,0.2802317037984918,2.6333333333333333,1.4333333333333333,1.2,1.1891891891891893,205.65789458039433,182.66209391804466,17580.169377710885,0.3,7.290335188696389,1.0,0.9959632158279419,-13.85382228702693,13.776872081674014,0.2689798198220785,0.18392455526242202,-20.02126163631287,22.044068769975112,0.12274068360908763,11.308351813972756,11.083736898579104,-0.01080665224558347,-0.9666666666666668,-0.5666666666666667,0.033333333333333215,-0.15456081081081074,111.11865749606778,84.92523986023741,8452.368850208319,-0.16666666666666669,-6.719036878445451,PM_118,c17,half_profile,9,20,0.810126582278481,1
93.21940886922717,86.33681699414261,179.55622586336978,178.66876214097562,85.45848919096434,91.94476453772859,1.064954300364889,38.255715448618915,37.43895077395743,0.29712142417957216,2.6333333333333333,1.1,1.5333333333333334,0.723404255319149,243.9595120913026,193.72094092430928,17466.408708052888,0.26666666666666666,1.7857987705247211,1.0,0.9959632158279419,-23.002395431716693,22.84038996180412,0.18392455526242202,-0.703539167131737,-26.63721875607706,26.32839810590204,0.05327421759174267,14.476815640668313,13.764368280187803,0.006083068135496861,-0.9666666666666668,-0.8999999999999999,0.3666666666666667,-0.620345744680851,149.42027500697606,95.98408686650203,8338.608180550322,-0.2,-12.223573296617118,PM_118,c17,half_profile,9,21,0.8048780487804879,1
80.9718377910134,98.3135617408916,178.66876214097562,179.285399531905,64.77980853984874,113.43929987655557,1.1538520003529962,45.24069210564413,43.76627344899357,0.28179348431108275,2.433333333333333,0.8333333333333334,1.6,0.5306122448979592,174.44738610998286,169.34465086305295,18187.375527548043,0.23333333333333334,0.16796901422145538,1.0,0.9959632158279419,-35.24996650993046,34.81713470855311,-0.703539167131737,-0.08690177620235318,-47.31589940719266,47.82293344472902,0.14217191757984993,21.461792297693528,20.091690955223946,-0.009244871732992543,-1.166666666666667,-1.1666666666666665,0.43333333333333335,-0.8131377551020408,79.90814902565631,71.6077968052457,9059.575000045477,-0.23333333333333334,-13.841403052920384,PM_118,c17,half_profile,9,22,0.7294117647058823,1
81.45163261116315,97.83376692074185,179.285399531905,177.94086961622338,65.73129893381349,111.97806809990936,1.1445748397956121,42.27124072979017,41.37416469689566,0.28033878160761505,1.6333333333333333,0.8666666666666667,0.7666666666666667,1.125,269.5988939954077,211.9791541161473,32392.687605552394,0.2,1.5815916845809,1.0,0.9959632158279419,-34.77017168978071,34.33733988840336,-0.08690177620235318,-1.4314316918839722,-46.36440901322791,46.361701668082816,0.1328947570224659,18.49234092183957,17.699582203126035,-0.010699574436460246,-1.9666666666666668,-1.1333333333333333,-0.4,-0.21875,175.05965691108116,114.24230005834005,23264.887078049826,-0.26666666666666666,-12.42778038256094,PM_118,c17,half_profile,9,23,0.7457627118644068,1
94.51066761099402,82.01807136040217,172.77074964118702,176.5287389713962,87.04531850443246,92.42654547753258,1.1269046436290082,33.43287384561641,33.197553180512884,0.3870426194492351,2.7666666666666666,1.4666666666666666,1.3,1.125,106.54782183758613,138.90010090617267,5489.3721864331455,0.4,5.227577440666423,1.0,0.9824805855751038,0.4521728449569622,10.679279046657243,12.504701952913592,7.835602995637146,0.18136801451316842,7.7782946169634215,-0.028560081707727836,-0.3323180954177687,-0.2669172328271898,0.0821784185124681,0.10000000000000009,0.1333333333333333,-0.09999999999999987,0.125,9.082288865918997,16.97878156389521,1074.1404753536444,-0.06666666666666665,-0.33900603587493094,PM_118,c18,side,9,4,0.9880952380952381,0
94.44346083603884,82.08527813535736,176.5287389713962,173.94940244996678,88.81599016726263,91.13966607428203,1.1103046507803036,32.91504271205881,32.91504271205881,0.37683367058312167,3.0,1.4666666666666666,1.5333333333333334,0.9574468085106383,107.98024363331962,129.7483795958675,5470.05145906409,0.4,5.291414830591748,1.0,0.9824805855751038,0.38496607000178074,10.746485821612424,16.262691283122763,5.2562664742077345,1.9520396773433362,6.49141521371287,-0.04516007455643245,-0.8501492289753685,-0.5494277012812603,0.07196946964635464,0.3333333333333335,0.1333333333333333,0.13333333333333353,-0.04255319148936165,10.514710661652487,7.827060253590048,1054.8197479845885,-0.06666666666666665,-0.27516864594960566,PM_118,c18,side,9,5,0.9333333333333333,0
92.05352291090651,87.92896343412843,173.94940244996678,179.98248634503494,85.42261726412411,94.1607513427733,1.0708729827494599,34.049023582821754,33.96663619532725,0.3992480389225529,5.1,1.4,3.7,0.38392857142857145,106.70128562233685,150.1138107497968,4861.671958172668,0.43333333333333335,5.4564933611717095,1.0,0.9824805855751038,-2.004971855130549,16.590171120383502,13.683354761693352,11.289350369275894,-1.4413332257951765,9.512500482204132,-0.0845917425872762,0.2838316417875717,0.5021657819871734,0.09438383798578587,2.433333333333333,0.06666666666666665,2.3000000000000003,-0.6160714285714286,9.235752650669724,28.192491407519356,446.4402470931673,-0.033333333333333326,-0.11009011536964408,PM_118,c18,side,9,6,0.5095541401273885,0
70.60353352600352,108.59464696578634,178.33517297521792,179.19818049178986,85.94630706258654,93.09963992560567,0.8573133439527411,29.348094419999516,29.011456204699194,0.4434855772561319,2.3666666666666667,1.0666666666666667,1.3,0.825,187.18431249841473,244.34329342532465,9612.452790262078,0.36666666666666664,1.4902882101215909,1.0,0.9824805855751038,-23.45496124003354,37.25585465204141,18.069125286944484,10.505044516030807,-0.9176434273327487,8.451389065036508,-0.298151381383995,-4.417097521034666,-4.45301420864088,0.1386213763193649,-0.2999999999999998,-0.2666666666666666,-0.09999999999999987,-0.17500000000000004,89.7187795267476,122.42197408304719,5197.221079182576,-0.10000000000000003,-4.076295266419763,PM_118,c18,side,9,7,0.9154929577464789,0
74.34860962706716,105.44291640772951,179.19818049178986,179.79152603479668,69.8521785323237,108.58642254453702,1.0298123974933708,44.38475971304487,44.33568356666724,0.3878674222019322,2.3,1.0333333333333334,1.2666666666666666,0.8205128205128205,174.5417201054562,188.42655231426264,9220.04164472262,0.3,4.436181567964098,1.0,0.9824805855751038,-19.709885138969895,34.10412409398458,18.932132803516424,11.098390059037627,-17.011771957595585,23.938171683967852,-0.12565232784336522,10.61956777201069,10.871213153327169,0.08300322126516518,-0.3666666666666667,-0.2999999999999998,-0.1333333333333333,-0.17948717948717952,77.07618713378906,66.50523297198518,4804.809933643119,-0.16666666666666669,-1.1304019085772552,PM_118,c18,side,9,8,0.9324324324324325,0
85.17324019923343,94.61828583556324,179.79152603479668,178.69377823206227,79.79199823156569,98.80314507422497,1.0442288633925854,39.81502906171785,39.134730500060186,0.4164876468253852,1.9,1.0,0.9,1.1071428571428572,197.0213020621958,159.94922786564047,8848.682401145432,0.3,2.9255734067974544,1.0,0.9824805855751038,-8.885254566803624,23.27949352181831,19.525478346523244,10.000642256303223,-7.071952258353605,14.154894213655808,-0.1112358619441507,6.049837120683669,5.670260086720113,0.11162344588861817,-0.7666666666666666,-0.33333333333333326,-0.4999999999999999,0.1071428571428572,99.55576909052866,38.02790852336301,4433.450690065931,-0.16666666666666669,-2.641010069743899,PM_118,c18,side,9,9,0.8333333333333334,0
73.33110145469755,105.36267677736473,178.69377823206227,178.4363326696088,66.68109025170784,111.91405305408281,1.0621792885023356,45.3123110156038,45.3123110156038,0.45161881178488394,2.8666666666666667,1.5666666666666667,1.3,1.2,176.78551611962263,203.19601480062886,10241.756780602887,0.3,0.8877923148018994,1.0,0.9824805855751038,-20.72739331133951,34.023884463619794,18.42773054378884,9.74319669384974,-20.182860238211447,27.26580219351365,-0.09328543683440049,11.547119074569615,11.847840602263723,0.14675461084811692,0.20000000000000018,0.2333333333333334,-0.09999999999999987,0.19999999999999996,79.3199831479555,81.2746954583514,5826.525069523386,-0.16666666666666669,-4.678791161739454,PM_118,c18,side,9,10,0.8023255813953488,0
74.49284187746244,103.94349079214635,178.4363326696088,164.21767342967883,68.37461281648436,110.94433035582162,1.067352361464122,43.23295150690774,43.06366992306394,0.4019055900635652,1.8333333333333333,0.9333333333333333,0.9,1.0357142857142858,184.82848724761652,186.56010119945918,14936.425604058335,0.26666666666666666,2.6021843782235123,1.0,0.9824805855751038,-19.56565288857462,32.60469847840142,18.170284981335357,-4.475462546080223,-18.48933767343493,26.296079495252457,-0.08811236387261401,9.467759565873557,9.599199509723867,0.09704138912679816,-0.8333333333333333,-0.3999999999999999,-0.4999999999999999,0.03571428571428581,87.36295427594939,64.63878185718173,10521.193892978834,-0.2,-2.964399098317841,PM_118,c18,side,9,11,0.859375,0
134.75971621558762,45.109267197646034,175.48418733671087,179.86898341323365,139.88022174257202,38.99975222632992,0.8645618660895708,13.551193324002334,13.551193324002334,0.1424375142240935,2.8,1.5333333333333334,1.2666666666666666,1.205128205128205,71.3926994026474,79.22323053533432,3860.6622714993614,0.5333333333333333,21.655034911580913,1.0,0.9824805855751038,40.70122144955056,-26.2295251160989,15.218139648437443,11.175847437474602,53.01627125265273,-45.648498634239246,-0.2909028592471653,-20.213998617031848,-19.91327708933774,-0.16242668671267352,0.1333333333333333,0.20000000000000018,-0.1333333333333333,0.20512820512820507,-26.072833569019735,-42.69808880694313,-554.5694395801397,0.06666666666666665,16.08845143503956,PM_118,c18,half_profile,9,12,0.9425287356321839,0
140.23168476319398,39.63729865003967,179.86898341323365,178.78917050051973,151.78114668941063,26.82847595214841,0.6768492522414001,9.288269856275406,8.855341316817631,0.14023539765830662,3.3666666666666667,1.7,1.6666666666666667,1.0196078431372548,70.32607041396119,52.78564849457183,4118.142071348786,0.4666666666666667,23.867255933356986,1.0,0.9824805855751038,46.173189997156925,-31.701493663705264,19.60293572496022,10.096034524760682,64.91719619949134,-57.819774908420754,-0.4786154730953359,-24.476922084758776,-24.609129096522445,-0.1646288032784604,0.7000000000000002,0.3666666666666667,0.26666666666666683,0.019607843137254832,-27.13946255770594,-69.13567084770563,-297.08963973071513,0.0,18.300672456815633,PM_118,c18,half_profile,9,13,0.9306930693069307,0
139.9915874530741,38.79758304744564,178.78917050051973,178.3237496248053,133.99945458086003,45.14908246457313,1.163708636420991,21.027289155241704,20.99369006961968,0.14492051019555025,3.8333333333333335,2.466666666666667,1.3666666666666667,1.7857142857142858,52.262646563640374,69.83088505732553,3408.1880194084365,0.5333333333333333,9.895776922052562,1.0,0.9824805855751038,45.93309268703703,-32.54120926629929,18.5231228122463,9.63061364904624,47.13550409094074,-39.49916839599604,0.008243911084254929,-12.737902785792478,-12.470780343720392,-0.15994369074121678,1.166666666666667,1.1333333333333335,-0.033333333333333215,0.7857142857142858,-45.20288640802676,-52.090434284951925,-1007.0436916710646,0.06666666666666665,4.329193445511208,PM_118,c18,half_profile,9,14,0.6086956521739131,0
131.5203744467201,46.80337517808519,178.3237496248053,178.10752769569274,133.13148683490158,45.79275519300842,0.9784071131359352,14.911874193133709,14.890363536355796,0.14931645589473425,3.033333333333333,1.6,1.4333333333333333,1.1136363636363635,71.03520777318352,96.20183573140764,5283.700048444285,0.36666666666666664,9.738832151734982,1.0,0.9824805855751038,37.46187968068304,-24.535417135659742,18.057701936531856,9.41439171993369,46.26753634498229,-38.855495667560746,-0.17705761220080085,-18.853317747900473,-18.574106876984278,-0.15554774504203278,0.3666666666666667,0.26666666666666683,0.03333333333333344,0.11363636363636354,-26.430325198483615,-25.719483610869815,868.468337364784,-0.10000000000000003,4.172248675193629,PM_118,c18,half_profile,9,15,0.75,0
130.89720431241105,48.817297733191225,178.10752769569274,179.71450204560227,130.6130114798936,47.97282574806374,0.9827013779061899,16.356020027424844,15.987570519055101,0.16077886618577017,3.0,1.5333333333333334,1.4666666666666666,1.0444444444444445,63.64847951121135,77.65553462040799,4289.408044163215,0.4666666666666667,12.201790153206161,1.0,0.9824805855751038,36.83870954637399,-22.521494580553707,17.841480007419307,11.021366069843225,43.74906098997431,-36.67542511250542,-0.1727633474305461,-17.409171913609338,-17.476899894284973,-0.14408533475099686,0.3333333333333335,0.20000000000000018,0.06666666666666665,0.04444444444444451,-33.81705346045578,-44.265784721869466,-125.82366691628613,0.0,6.635206676664808,PM_118,c18,half_profile,9,16,0.967032967032967,0
127.29030959224269,52.42419245335958,179.71450204560227,178.25379739076004,126.54936423033328,51.89614465226336,0.9899274022853854,18.521106926393692,18.36357334681917,0.14731421847364068,2.7,1.3666666666666667,1.3333333333333333,1.024390243902439,73.36710744089856,92.82438402052009,4274.585537265236,0.3333333333333333,14.745790192575129,1.0,0.9824805855751038,33.231814826205635,-18.91459986038535,19.448454357328842,9.560661415000993,39.68541374041399,-32.752106208305804,-0.1655373230513506,-15.24408501464049,-15.100897066520904,-0.15754998246312635,0.03333333333333366,0.03333333333333344,-0.06666666666666665,0.024390243902439046,-24.098425530768566,-29.09693532175737,-140.64617381426524,-0.13333333333333336,9.179206716033775,PM_118,c18,half_profile,9,17,0.9753086419753086,0
121.72977913200064,58.02059546796782,178.25379739076004,179.75037459996847,120.42262254855316,58.033139117352306,1.0002161930480602,18.638805405918113,18.51300138828556,0.1830846856295802,2.7333333333333334,1.2,1.5333333333333334,0.7872340425531915,79.15638415844398,114.72195513836795,4911.646199100087,0.36666666666666664,13.884282033680805,1.0,0.9824805855751038,27.671284365963587,-13.31819684577711,17.98774970248661,11.057238624209418,33.558672058633874,-26.615111743216858,-0.15524853228867586,-15.126386535116069,-14.951469025054514,-0.12177951530718684,0.06666666666666687,-0.1333333333333333,0.13333333333333353,-0.21276595744680848,-18.309148813223146,-7.199364203909511,496.41448802058585,-0.10000000000000003,8.317698557139451,PM_118,c18,half_profile,9,18,0.8414634146341463,0
111.27020788812003,68.48016671184844,179.75037459996847,178.6736682710191,116.9217712930785,61.273063890861636,0.8947563481947565,25.717363497911556,24.881128022164972,0.2617970597305336,2.3333333333333335,1.2333333333333334,1.1,1.1176470588235294,152.2293685318587,177.21227076146505,8519.135303435174,0.3,10.793505714053182,1.0,0.9824805855751038,17.21171312208297,-2.8586256018964917,19.484326911695035,9.980532295260048,30.057820803159217,-23.375186969707528,-0.2607083771419796,-8.047828443122626,-8.583342391175101,-0.04306714120623345,-0.33333333333333304,-0.09999999999999987,-0.2999999999999998,0.11764705882352944,54.76383556019158,55.29095141918759,4103.903592355673,-0.16666666666666669,5.226922237511829,PM_118,c18,half_profile,9,19,0.8493150684931506,1
117.76195717683586,60.91171109418323,178.6736682710191,178.56511770801603,122.66410084513858,55.4187841043843,0.9098214958810527,23.972130804350847,23.87727423663776,0.221510897338132,2.2666666666666666,1.2333333333333334,1.0333333333333334,1.1875,121.36684269100044,131.17133004324728,6890.943277760637,0.3333333333333333,15.838260435954822,1.0,0.9824805855751038,23.703462410798807,-10.4270812195617,18.407620582745665,9.871981732256984,35.80015035521929,-29.229466756184863,-0.2456432294556834,-9.793061136683335,-9.587196176702314,-0.08335330359863502,-0.3999999999999999,-0.09999999999999987,-0.3666666666666665,0.1875,23.901309719333312,9.250010700969824,2475.711566681136,-0.13333333333333336,10.271676959413469,PM_118,c18,half_profile,9,20,0.9411764705882353,1
112.39314910756545,67.54256924715901,178.56511770801603,179.93571835472446,117.25866999770639,61.109354093477265,0.9047531767685556,26.087587397851948,25.352515893581078,0.2614592486645749,2.533333333333333,1.2,1.3333333333333333,0.9024390243902439,142.97575715300354,140.27219698026613,6916.930070590429,0.26666666666666666,12.511691403079311,1.0,0.9824805855751038,18.334654341528392,-3.796223066585924,18.2990700197426,11.242582378965409,30.3947195077871,-23.5388967670919,-0.25071154856818045,-7.677604543182234,-8.111954519758996,-0.043404952272192154,-0.1333333333333333,-0.1333333333333333,-0.06666666666666665,-0.09756097560975607,45.51022418133641,18.350877637988674,2501.6983595109277,-0.2,6.945107926537958,PM_118,c18,half_profile,9,21,0.9078947368421053,1
111.83487275358902,68.10084560113543,179.93571835472446,179.62826934418098,104.30129298090404,71.56464508188742,1.0508627969326454,34.736053309915334,33.827593658909606,0.2172364526109775,2.7,1.0,1.7,0.5961538461538461,133.1517940372609,139.8830720975809,7219.517181376537,0.36666666666666664,12.96731372519487,1.0,0.9824805855751038,17.776377987551967,-3.2379467126094994,19.669670666451026,10.93513336842193,17.437342490984747,-13.083605778681743,-0.10460192840409066,0.9708613688811525,0.36312324556953257,-0.08762774832578954,0.03333333333333366,-0.33333333333333326,0.30000000000000004,-0.40384615384615385,35.68626106559378,17.96175275530345,2804.285470297036,-0.10000000000000003,7.400730248653517,PM_118,c18,half_profile,9,22,0.8023255813953488,1
108.99643707275376,70.63183227142721,179.62826934418098,175.5458488959768,107.51992834181998,72.35272834414515,1.024364313049459,29.008662533450398,28.88175242700614,0.25772313476898934,1.6666666666666667,0.8333333333333334,0.8333333333333334,1.0,151.17967679903103,151.3602249343674,12111.770270749088,0.3,19.186196298310236,1.0,0.9824805855751038,14.937942306716707,-0.7069600423177178,19.362221655907547,6.852712920217755,20.655977851900687,-12.295522516424015,-0.13110041228727698,-4.756529407583784,-4.5827179863339325,-0.04714106616777769,-0.9999999999999998,-0.4999999999999999,-0.5666666666666665,0.0,53.7141438273639,29.438905592089952,7696.538559669587,-0.16666666666666669,13.619612821768882,PM_118,c18,half_profile,9,23,0.7049180327868853,1
157.61924030254391,21.41973705209176,179.03897735463568,178.1616354938191,164.440352402724,15.362340951894794,0.7172049271442654,9.44528412922119,3.579531076150534,0.4582198927928869,6.033333333333333,3.0,3.033333333333333,0.9891304347826086,41.531746604225646,35.491632238611146,2960.147566577354,0.9,17.9569874552937,1.0,0.995169460773468,42.940050265489646,-36.534127701928554,6.624949599757315,5.747607738940729,43.44150926333994,-44.17487447499185,-0.31011595438083595,-14.637185554999789,-19.988384679282355,0.2396878779450533,1.2333333333333334,0.6333333333333333,0.7666666666666666,-0.05434782608695654,-34.09733561726455,-63.35083800476781,-3130.556428216779,-0.2666666666666667,8.498462495349685,PM_126,c17,front,7,6,0.5248618784530387,1
145.76436175722046,33.74865967061089,178.1616354938191,179.51302142783135,139.9797086509273,26.29187480711829,0.7790494515553712,8.364821122322237,7.124612052719304,0.3190687569704918,1.9333333333333333,0.9,1.0333333333333334,0.875,108.68987838943212,102.63585078251765,7436.156895904012,0.5333333333333333,25.329363273851783,1.0,0.995169460773468,31.085171720166187,-24.205205083409425,5.747607738940729,7.098993672952986,18.980865511543257,-33.245340619768356,-0.24827142996973017,-15.717648561898741,-16.443303702713585,0.10053674212265823,-2.8666666666666663,-1.4666666666666668,-1.2333333333333332,-0.1684782608695652,33.06079616794193,3.7933805391386954,1345.4529011098793,-0.6333333333333334,15.870838313907768,PM_126,c17,front,7,7,0.5087719298245614,1
80.41990800337346,99.1014603123519,178.67316849613576,179.52136831572537,101.33361998058487,66.98448640237112,0.6759182578263404,11.439251408432455,10.56028032922124,0.30711003105877754,2.4,1.1,1.3,0.85,180.44066391982057,164.02320168235036,11486.404281366626,0.36666666666666664,6.741991844012105,1.0,0.995169460773468,-34.259282033680805,41.14759555833159,6.259140741257397,7.107340560847007,-19.66522315879918,7.4472709754844715,-0.35140262369876096,-12.643218275788524,-13.00763542621165,0.08857801621094397,-2.4,-1.2666666666666666,-0.9666666666666666,-0.1934782608695652,104.81158169833037,65.1807314389714,5395.700286572493,-0.8,-2.7165331159319095,PM_126,c17,front,7,10,0.72,1
116.45648133909532,53.78064466864507,170.2371260077404,166.891831765443,131.6725023938462,47.729138989469135,0.8874780003761455,15.05966806618164,15.056962430219095,0.2565493415960498,4.5,2.966666666666667,1.5333333333333334,1.9148936170212767,52.98340834580415,83.75682285853856,5940.160320944928,1.1,7.918346091266315,1.0,0.995169460773468,1.77729130204105,-4.173220085375249,-2.1769017471379755,-5.5221959894353745,10.673659254462152,-11.808076437417512,-0.13984288114895582,-9.022801618039338,-8.510953325213794,0.03801732674821623,-0.2999999999999998,0.6000000000000001,-0.7333333333333332,0.8714153561517115,-22.645673875686043,-15.0856473848404,-150.54367384920533,-0.06666666666666665,-1.5401788686776996,PM_126,c17,half_profile,7,14,0.8402777777777778,0
116.89633234857982,62.77667424585903,166.891831765443,179.67300659443885,130.87758771888087,47.85214497619884,0.7622599564416291,17.1225079457997,16.742404277190477,0.26428027496193357,5.866666666666666,3.2,2.6666666666666665,1.1975308641975309,71.58719744001132,92.1971110554486,5839.478084583601,1.2666666666666666,6.078513834899638,1.0,0.995169460773468,2.2171423115255493,4.822809491838711,-5.5221959894353745,7.258978839560484,9.878744579496825,-11.685070450687803,-0.26506092508347223,-6.959961738421278,-6.825511478242412,0.04574826011409999,1.0666666666666664,0.8333333333333335,0.3999999999999999,0.15405260332796566,-4.0418847814788705,-6.645359187930353,-251.22591021053177,0.09999999999999987,-3.3800111250443763,PM_126,c17,half_profile,7,15,0.6818181818181818,0
93.46491188610774,86.48599160594846,179.67300659443885,179.9509034920562,71.81210297423513,104.16778851793944,1.2044469466518186,48.24757154060126,47.439525108832754,0.26717566650409164,3.533333333333333,1.7,1.8333333333333333,0.9285714285714286,175.2209898713349,151.31635591581244,13023.739271352448,0.6666666666666666,3.3321454597242024,1.0,0.995169460773468,-21.214278150946527,28.53212685192814,7.258978839560484,7.536875737177837,-49.18674016514892,44.630573091052796,0.17712606512671725,24.16510185638028,23.871609353399865,0.04864365165625806,-1.2666666666666666,-0.6666666666666667,-0.43333333333333335,-0.11490683229813659,99.5919076498447,52.47388567243348,6933.035276558315,-0.5000000000000001,-6.126379500219812,PM_126,c17,half_profile,7,16,0.8230088495575221,1
100.02631156888346,79.92459192317274,179.9509034920562,179.9233754475909,68.30082725756087,109.97052890397752,1.3759285628844542,56.947968569668774,56.06290252487373,0.24205201844890362,5.133333333333334,2.8333333333333335,2.3,1.2285714285714286,123.45481377143358,132.82677786690869,7904.065951562839,0.7333333333333333,12.943197902662916,1.0,0.995169460773468,-14.652878468170812,21.970727169152426,7.536875737177837,7.509347692712538,-52.69801588182318,50.43331347709088,0.34860768135935283,32.86549888544779,32.49498676944084,0.02352000360107004,0.3333333333333339,0.4666666666666668,0.033333333333333215,0.18509316770186346,47.825731549943384,33.98430762352973,1813.3619567687056,-0.43333333333333346,3.484672942718902,PM_126,c17,half_profile,7,17,0.7142857142857143,1
106.63595690046023,73.28741854713067,179.9233754475909,179.6882290530512,109.02927220332143,70.29306244953361,0.9591422899461056,28.517828524370692,27.72196079435799,0.27863449277557817,3.2,1.9,1.3,1.45,126.63037783139742,138.60563996550297,8278.099410681742,0.9666666666666667,3.9209330174829944,1.0,0.995169460773468,-8.04323313659404,15.333553793110354,7.509347692712538,7.274201298172841,-11.969570936062624,10.755847022646961,-0.06817859157899575,4.435358840149714,4.154045038925101,0.06010247792774459,-1.5999999999999996,-0.4666666666666668,-0.9666666666666666,0.40652173913043477,51.00129560990723,39.76316972212402,2187.3954158876086,-0.20000000000000007,-5.53759194246102,PM_126,c17,half_profile,7,18,0.9029126213592233,1
100.08440025957103,79.6306293041674,179.6882290530512,179.71502956373843,89.67752412077655,89.93280927649815,1.1293745894306475,37.077384387259826,36.468291757426684,0.2842759157156011,5.2,2.9,2.3,1.2571428571428571,135.31016362177752,136.77660657213835,9666.882934606629,1.0333333333333334,3.7781644548688575,1.0,0.995169460773468,-14.594789777483243,21.676764550147084,7.274201298172841,7.301001808860065,-31.321319018607497,30.3955938496115,0.10205370790554613,12.994914703038848,12.900376001993795,0.06574390086776755,0.40000000000000036,0.5333333333333332,0.033333333333333215,0.21366459627329193,59.681081400287326,37.934136328759394,3576.1789398124956,-0.1333333333333333,-5.680360505075157,PM_126,c17,half_profile,7,19,0.7051282051282052,1
92.20320680956807,87.57961762003039,179.71502956373843,179.78282442959846,70.26495539677597,109.21467662992916,1.247033038026768,49.27413636575007,48.576704347288384,0.259505720107586,6.533333333333333,1.7,4.833333333333333,0.3561643835616438,157.92144379058328,148.42322411475266,10194.38255940102,0.7,3.378369880445078,1.0,0.995169460773468,-22.475983227486196,29.625752866010075,7.301001808860065,7.368796674720102,-50.733887742608076,49.67746120304251,0.21971215650166664,25.19166668152909,25.008788591855495,0.04097370525975241,1.7333333333333334,-0.6666666666666667,2.5666666666666664,-0.6873138773079214,82.29236156909309,49.5807538713737,4103.6785646068865,-0.4666666666666668,-6.080155079498937,PM_126,c17,half_profile,7,20,0.5414634146341464,1
95.8306261533265,64.29766921666786,156.90572882317855,160.12829536999436,88.32986856435787,90.79810551234644,1.412152362885479,35.898751428116924,35.73818134126204,0.14032407101743644,4.2,2.066666666666667,2.1333333333333333,0.9692307692307692,85.26892723975294,89.32537722897166,5967.199166658997,1.1333333333333333,2.070682277927162,1.0,0.9884719252586365,-2.5832255640071367,1.3834827307498898,0.056676955450143396,3.279243502265956,-4.023128195758517,3.2966821513650757,0.013805086730980465,0.8482874420298216,0.7674018067198958,-0.03537134300449707,-1.0999999999999996,-0.6333333333333333,0.16666666666666674,-0.469365721997301,0.9592962884289591,-3.4861111331304073,306.16287182392716,-0.16666666666666674,1.0540324950115263,PM_126,c18,side,7,4,0.937007874015748,0
97.9917381253592,68.70019570883207,160.12829536999436,166.69193383419127,90.6084663093863,89.23361605689624,1.2988844520194636,36.13105955578027,36.06605800612144,0.2019763914021576,4.7,2.6666666666666665,2.033333333333333,1.3064516129032258,105.29221472802107,104.03046546044266,5076.806103424037,1.2666666666666666,1.880062813366635,1.0,0.9884719252586365,-0.422113591974437,5.786009222914103,3.279243502265956,9.842881966462869,-1.7445304507300818,1.7321926959148755,-0.09946282413503504,1.0805955696931662,1.0952784715792916,0.026280977380224085,-0.5999999999999996,-0.03333333333333366,0.06666666666666665,-0.13214487832484445,20.982583776697084,11.218977098340588,-584.2301914110321,-0.03333333333333344,0.8634130304509995,PM_126,c18,side,7,5,0.851063829787234,0
90.19634636552806,89.76509005063528,166.69193383419127,179.96143641616334,91.60173041273492,88.22133150967673,0.9828022392659804,35.34192498937825,31.825882684616772,0.30932888362830807,4.433333333333334,1.8333333333333333,2.6,0.7088607594936709,171.725208232929,133.26868032480263,7634.971488950302,1.0,1.9498023161124394,1.0,0.9884719252586365,-8.217505351805585,26.850903564717314,9.842881966462869,23.11238454843493,-0.7512663473814598,0.7199081486953673,-0.4155450368885182,0.2914610032911469,-3.1448968499253738,0.13363346960637457,-0.8666666666666663,-0.8666666666666669,0.6333333333333335,-0.7297357317343993,87.41557728160501,40.45719196270056,1973.9351941152327,-0.30000000000000004,0.9331525331968038,PM_126,c18,side,7,6,0.7142857142857143,1
65.41599455333882,114.58535964767638,179.96143641616334,180.0013542010152,59.76466364674746,119.94337521177331,1.046760036191112,47.50256706006593,46.18645475643531,0.3451279472737081,3.433333333333333,1.6,1.8333333333333333,0.875,173.17575826273242,171.44782623687263,9173.161763122183,0.6,3.134009588332404,1.0,0.9884719252586365,-32.99785716399482,51.67117316175842,23.11238454843493,23.152302333286798,-32.588333113368925,32.44195185079195,-0.3515872399633866,12.452103073978826,11.215675221893164,0.1694325332517746,-1.8666666666666667,-1.1,-0.1333333333333333,-0.5635964912280702,88.86612731140843,78.63633787477056,3512.125468287114,-0.7000000000000001,2.1173598054167684,PM_126,c18,side,7,7,0.8083333333333333,1
80.74909028552815,99.25226391548705,180.0013542010152,179.96268387171074,75.68779008213049,103.69891737240205,1.0448015317887491,42.39665040515712,42.281233089826785,0.34551518794262,4.366666666666666,2.033333333333333,2.3333333333333335,0.8732394366197183,171.58258809671736,138.6723060112496,7091.181498172569,0.7666666666666667,4.17436376794592,1.0,0.9884719252586365,-17.664761431805488,36.33807742956908,23.152302333286798,23.11363200398233,-16.665206677985893,16.197494011420687,-0.3535457443657495,7.3461864190700155,7.310453555284639,0.16981977392068648,-0.9333333333333336,-0.666666666666667,0.3666666666666669,-0.565357054608352,87.27295714539338,45.86081764914752,1430.1452033374999,-0.5333333333333333,3.157713985030284,PM_126,c18,side,7,8,0.7251908396946565,1
75.41126991040768,104.74604556261191,179.96268387171074,180.1573154730196,69.62879025678089,110.4128539510618,1.0541004517928323,45.21002519285518,45.21002519285518,0.38205909651595227,4.066666666666666,1.5333333333333334,2.533333333333333,0.6103896103896104,192.81924953708312,148.04160675445104,6085.188796161934,0.7,2.554079658541326,1.0,0.9884719252586365,-23.00258180692596,41.831859076693945,23.11363200398233,23.308263605291188,-22.724206503335495,22.911430590080442,-0.3442468243616663,10.159561206768075,10.239245658313031,0.20636368249401876,-1.2333333333333334,-1.1666666666666667,0.5666666666666667,-0.8282068808384598,108.50961858575914,55.23011839234897,424.1525013268647,-0.6000000000000001,1.5374298756256906,PM_126,c18,side,7,9,0.7377049180327869,1
55.97072033242222,124.18659514059738,180.1573154730196,178.24314305689404,59.86385707112093,120.17778713672176,0.9677194789072278,50.51262227178129,36.972411069002966,0.41053719876648487,4.4,1.4333333333333333,2.966666666666667,0.4888888888888889,156.56056193562392,160.154253476626,15547.018092468934,0.36666666666666664,1.5452303535494423,1.0,0.9884719252586365,-42.443131384911425,61.27240865467941,23.308263605291188,21.394091189165636,-32.48913968899545,32.6763637757404,-0.43062779724727085,15.462158285694187,2.00163153446082,0.23484178474455136,-0.8999999999999995,-1.2666666666666668,1.0000000000000002,-0.9497076023391813,72.25093098429994,67.34276511452393,9885.981797633864,-0.9333333333333333,0.5285805706338067,PM_126,c18,side,7,10,0.6453900709219859,1
151.96192053592546,23.46281380261172,175.42473433853718,171.41522355513115,157.24360306644832,22.467747675908015,0.9575896507948701,14.554774862347205,14.54653615662544,0.1167209688332172,7.233333333333333,4.533333333333333,2.7,1.670731707317073,37.83667229986747,24.616550594181774,1919.3248273369122,1.6,29.704194006981737,1.0,0.9884719252586365,53.548068818591815,-39.451372683306246,18.575682470808772,14.566171687402743,64.89060630633193,-65.03367568507335,-0.4407576253596285,-20.495689123739897,-20.424243377916707,-0.05897444518871631,1.9333333333333336,1.833333333333333,0.7333333333333336,0.2321352160890029,-46.47295865145651,-68.1949377679203,-3741.711467498157,0.30000000000000004,28.6875442240661,PM_126,c18,half_profile,7,11,0.5069124423963134,0
149.01524802203798,22.99562158625875,171.41522355513115,172.01086960829673,158.75212381206012,20.03328827036404,0.8711783760755186,10.76745580285141,10.766675845885159,0.14113507822994525,5.266666666666667,2.533333333333333,2.7333333333333334,0.927710843373494,26.13368839412459,43.051504159902834,2301.0222774684344,1.2666666666666666,22.411988890016204,1.0,0.9884719252586365,50.60139630470434,-39.918564899659216,14.566171687402743,15.161817740568324,66.39912705194374,-67.46813509061732,-0.52716890007898,-24.283008183235694,-24.204103688656986,-0.03456033579198825,-0.033333333333333215,-0.16666666666666696,0.7666666666666668,-0.5108856478545762,-58.17594255719939,-49.759984202199234,-3360.014017366635,-0.03333333333333344,21.39533910710057,PM_126,c18,half_profile,7,12,0.8227848101265823,0
150.58451123258232,21.426358375714415,172.01086960829673,171.7902405313597,158.6697126116069,20.498111873478052,0.95667735571489,12.028960632555396,11.37289988942991,0.1310731958259234,5.066666666666666,2.533333333333333,2.533333333333333,1.0,28.148940445541086,31.30499703543535,1884.1685737235305,1.5666666666666667,27.32213450510261,1.0,0.9884719252586365,52.17065951524867,-41.48782811020355,15.161817740568324,14.941188663631294,66.31671585149053,-67.00331148750331,-0.4416699204396086,-23.021503353531706,-23.597879645112236,-0.044622218196010116,-0.2333333333333334,-0.16666666666666696,0.5666666666666667,-0.4385964912280702,-56.160690505782895,-61.50649132666672,-3776.867721111539,0.2666666666666666,26.305484722186975,PM_126,c18,half_profile,7,13,0.8076923076923077,0
147.0576545748358,24.969244226232718,171.7902405313597,172.0268988010685,162.47938497964418,17.032452934232083,0.6821373037930306,8.31389554754479,8.015827127349315,0.2144979765533882,4.833333333333333,2.566666666666667,2.2666666666666666,1.1304347826086956,23.709940724558578,38.3129367580662,2070.0059653515236,1.2666666666666666,19.138502905379127,1.0,0.9884719252586365,48.64380285750215,-37.94494225968525,14.941188663631294,15.177846933340106,70.1263882195278,-70.46897042674928,-0.716209972361468,-26.736568438542314,-26.95495240719283,0.0388025625314547,-0.4666666666666668,-0.1333333333333333,0.30000000000000004,-0.30816170861937464,-60.599690226765404,-54.49855160403587,-3591.0303294835458,-0.03333333333333344,18.12185312246349,PM_126,c18,half_profile,7,14,0.896551724137931,0
146.7320256749271,28.671730074531553,172.0268988010685,175.40375574945864,161.1709172632785,18.297107052493345,0.6381584579978399,9.839948501421762,8.749846526554641,0.23203154572676754,5.733333333333333,2.7666666666666666,2.966666666666667,0.9333333333333333,29.03880329875193,34.94586102374171,1990.2405503385737,1.3333333333333333,18.783376421247198,1.0,0.9884719252586365,48.318173957593444,-34.242456411386414,15.177846933340106,18.554703881730234,68.81792050316213,-69.20431630848802,-0.7601888181566587,-25.21051548466534,-26.220933007987504,0.056336131704834036,0.43333333333333357,0.06666666666666643,1.0000000000000002,-0.5052631578947369,-55.27082765257205,-57.865627338360355,-3670.795744496496,0.033333333333333215,17.766726638331562,PM_126,c18,half_profile,7,15,0.6976744186046512,0
122.30991548480392,55.04445238650095,175.40375574945864,177.35436787130487,113.0867272579307,66.0546491218335,1.200023730966078,33.030088845785514,31.233241324816905,0.28376615060356236,3.466666666666667,1.1333333333333333,2.3333333333333335,0.49295774647887325,89.21758676504169,108.06096262745967,6635.24275304874,0.8,10.422147577459143,1.0,0.9884719252586365,23.89606376747028,-7.869734099417016,18.554703881730234,20.505316003576468,20.73373049781432,-21.446774239147857,-0.19832354518842066,-2.0203751403015886,-3.7375382097252405,0.10807073658162886,-1.833333333333333,-1.5666666666666669,0.3666666666666669,-0.945638744749197,4.907955813717706,15.249474265357605,974.2064582136709,-0.5,9.405497794543507,PM_126,c18,half_profile,7,16,0.9065420560747663,1
127.88310033624805,50.46866482160817,177.35436787130487,178.35176515785622,106.99883676504145,71.77259218950799,1.4221218739033994,40.730807432364536,36.16120515963727,0.14506073683113224,4.5,1.8333333333333333,2.6666666666666665,0.691358024691358,72.16196431742077,69.93870920949064,3207.859939100944,0.7333333333333333,19.02997430578452,1.0,0.9884719252586365,29.469248618914406,-12.445521664309794,20.505316003576468,21.502713290127815,14.645840004925063,-15.728831171473374,0.023774597748900783,5.680343446277433,1.1904256250951235,-0.030634677190801263,-0.7999999999999998,-0.8666666666666669,0.7,-0.7472384665367122,-12.147666633903214,-22.87277915261143,-2453.1763557341255,-0.5666666666666668,18.013324522868885,PM_126,c18,half_profile,7,17,0.8148148148148148,1
130.59329970058405,47.758465457272166,178.35176515785622,175.87508362609046,145.26094814812444,33.853004884926236,0.7088377853181513,12.77643428323587,11.208668861554283,0.27914649448095424,3.966666666666667,2.1333333333333333,1.8333333333333333,1.1607142857142858,110.08048713981225,83.76385577313272,4540.061873701091,1.1,2.5990035152022273,1.0,0.9884719252586365,32.17944798325041,-15.1557210286458,21.502713290127815,19.026031758362052,52.90795138800806,-53.64841847605513,-0.6895094908363473,-22.27402970285123,-23.762110672987863,0.10345108045902074,-1.333333333333333,-0.5666666666666669,-0.1333333333333333,-0.2778822055137844,25.770856188488267,-9.04763258896935,-1120.9744211339785,-0.19999999999999996,1.5823537322865917,PM_126,c18,half_profile,7,18,0.8403361344537815,1
126.21716668595467,51.510038268514464,175.87508362609046,177.72720495446913,130.25651140749696,48.898525948132175,0.9493009050630317,19.43879133282283,19.117404937744112,0.2764519245980618,4.2,1.9333333333333333,2.2666666666666666,0.855072463768116,88.09598055752815,71.46020270013224,4068.076270273738,0.8666666666666667,7.897078014555419,1.0,0.9884719252586365,27.803314968621024,-11.404148217403502,19.026031758362052,20.878153086740724,37.903514647380575,-38.60289741284919,-0.44904637109146694,-15.611672653264272,-15.853374596798034,0.10075651057612828,-1.0999999999999996,-0.7666666666666668,0.30000000000000004,-0.5835240274599542,3.786349606204169,-21.351285661969825,-1592.9600245613315,-0.43333333333333335,6.880428231639783,PM_126,c18,half_profile,7,19,0.873015873015873,1
113.96810361523633,64.89138116877824,177.72720495446913,178.85948478401457,104.40127477604574,74.89620846174489,1.1541780605184646,34.71089178968813,34.574839686934524,0.30859574030488046,4.333333333333333,1.8333333333333333,2.5,0.7368421052631579,85.60176898906718,72.97214656681206,4878.537853010594,0.9333333333333333,5.418987984265087,1.0,0.9884719252586365,15.554251897902688,1.9771946828602722,20.878153086740724,22.010432916286163,12.048278015929355,-12.605214899236472,-0.244169215636034,-0.33957219639897573,-0.3959398476076217,0.13290032628294696,-0.9666666666666668,-0.8666666666666669,0.5333333333333334,-0.7017543859649124,1.2921380377432001,-19.83934179529001,-782.4984418244758,-0.3666666666666667,4.402338201349451,PM_126,c18,half_profile,7,20,0.9230769230769231,1
